Workbook
Name CARGA: 'Matriz datos'!$B$2:$B$9
Name cliente: 'Matriz datos'!$J$2:$J$11
Name INSTRUCCIONES: 'Matriz datos'!$G$2:$G$3
Name TIPO_CARGA: 'Matriz datos'!$C$2:$C$4
Name TIPO_OPERACION: 'Matriz datos'!$D$2:$D$4
Name TIPO_TRAMITE: 'Matriz datos'!$E$2:$E$4

Sheet IMPO TERR
A1: Referencia cliente. | B1: Número de despacho. | C1: ESTADO DE LA CARGA | D1: INSTRUCCIÓN de DESCARGA | E1: Recepción de documentación (FECHA) | F1: CONDICION DOCUMENTAL | G1: Observaciones | H1: Fecha: MODIFICACION SOLICITADA | I1: CORRECCIONES RECEPCIONADAS | J1: FACTURA COMERCIAL | K1: TIPO CARGA | L1: Origen de la carga. | M1: Tipo operacion | N1: Paso aduanero (cuando corresponda). | O1: CONOCIMIENTO EMBARQUE / CRT | P1: MIC | Q1: EMPRESA DE TRANSPORTE | R1: Patente del camión (TRACTO) | S1: Patente del camión (REMOLQUE) | T1: CLIENTE FINAL | U1: Dirección de descarga. DESTINO GD | V1: Nombre chofer | W1: N° IDENTIFICACION | X1: Fecha de ingreso ALMACENISTA | Y1: FECHA PAPELETA INGRESO | Z1: Fecha de aceptacion DIN | AA1: DIN | AB1: COMPROBANTE PAGO TGR | AC1: Fecha de presentación de documentos.( DESPACHO) | AD1: Fecha de liberación.( SALIDA DE ALMACEN) | AE1: SELLO AGA | AF1: REMESA | AG1: T/C DOLAR legalizacion | AH1: T/C liberacion carga
A2: O/87250-6 | B2: 179930 | C2: LIBERADO | D2: EMITIDA | E2: 46076 | F2: ok | G2: Solo envio de doctos draft | H2: 46078 | I2: 05/03/2026 09:35 hrs | K2: ENFRIADA | L2: Brasil | M2: TERRESTRE | N2: Los Andes | O2: BR547044923 | P2: 33737 | Q2: MARVEL | R2: SWY2C62 | S2: RYP8I48 | T2: ALMAFRIGO | U2: =VLOOKUP('IMPO TERR'!T2,'Matriz datos'!$J$2:$K$10,2,0) -> AV. GALVARINO 8601 BGA. 11, QUILICURA | V2: FABRICIO ESTEVAO DA CRUZ | W2: CPF: 445.947.978-81 | X2: 46083.86 | Y2: 46084 | Z2: 46087 | AA2: 4090179930 | AB2: 46087.726 | AC2: 46090.479 | AD2: 46090.56 | AF2: 25010000 | AG2: 0 | AH2: 0
A3: CN 6526-1 | B3: 179947 | C3: LIBERADO | D3: PENDIENTE | E3: 46076 | G3: En espera de resolucion de bodega (minerva) | K3: CONGELADA | L3: Paraguay | M3: TERRESTRE | N3: Los Andes | O3: PY23TMA1134 | P3: 32028 | Q3: TRANSMA | R3: AALJ416 | S3: AALJ421 | T3: CIAL | U3: =VLOOKUP('IMPO TERR'!T3,'Matriz datos'!$J$2:$K$10,2,0) -> CAMINO SANTA MARTA 2101, MAIPU | V3: JUAN PABLO MORINIGO | W3: CI: 3564133 | X3: 46080.908 | Y3: 46081 | Z3: 46085 | AA3: 4090179947 | AB3: 46085.553 | AC3: 46086.655 | AD3: 46093 | AF3: 6500000 | AG3: 857.58
A4: SO/6370-22 | B4: 179972 | C4: LIBERADO | D4: PENDIENTE | E4: 46077 | F4: DOCS ORIGINALES PENDIENTES | G4: DOCS ORIGINALES PENDIENTES | K4: ENFRIADA | L4: Brasil | M4: TERRESTRE | N4: Los Andes | O4: BR547044933 | P4: 32413 | Q4: MARVEL | R4: RXM4D24 | S4: RLL3F14 | T4: WALMART | U4: =VLOOKUP('IMPO TERR'!T4,'Matriz datos'!$J$2:$K$10,2,0) -> AV. PDTE. EDUARDO FREI 8301, QUILICURA | V4: MARCOS ANTONIO DO CARMO | W4: CPF: 068.976.759-54 | X4: 46082.479 | Y4: 46083 | Z4: 46085 | AA4: 4090179972 | AB4: 46085.653 | AC4: 46085.753 | AD4: 46085.833 | AF4: 25950000 | AG4: 857.58
A5: SO/6370-23 | B5: 180001 | C5: LIBERADO | D5: PENDIENTE | E5: 46077 | K5: ENFRIADA | L5: Brasil | M5: TERRESTRE | N5: Los Andes | O5: BR547044931 | Q5: MARVEL | R5: RXY9C34 | S5: RXW9H24 | T5: WALMART | U5: =VLOOKUP('IMPO TERR'!T5,'Matriz datos'!$J$2:$K$10,2,0) -> AV. PDTE. EDUARDO FREI 8301, QUILICURA | V5: IVAN DOS SANTOS | W5: CPF: 096.316.418-05 | X5: 46086.792 | Y5: 46087 | Z5: 46079 | AA5: 4090180001 | AB5: 46087 | AC5: 46087.775 | AD5: 46087.826 | AF5: 26010000 | AG5: 857.95
A6: SO/6370-26 | B6: 180023 | C6: LIBERADO | D6: PENDIENTE | E6: 46078 | K6: ENFRIADA | L6: Brasil | M6: TERRESTRE | N6: Los Andes | O6: BR547044941 | P6: 34269 | Q6: MARVEL | R6: QJG8563 | S6: SXW7I81 | T6: WALMART | U6: =VLOOKUP('IMPO TERR'!T6,'Matriz datos'!$J$2:$K$10,2,0) -> AV. PDTE. EDUARDO FREI 8301, QUILICURA | V6: WESLEM DO NASCIMENTO | W6: CPF: 042.438.270-95 | X6: 46084.791 | Y6: 46085 | Z6: 46080 | AA6: 4090180023 | AB6: 46085 | AC6: 46084.791 | AD6: 46085.734 | AF6: 25520000 | AG6: 857.95
A7: CN 25221 | B7: 180040 | C7: LIBERADO | D7: PENDIENTE | E7: 46078 | K7: ENFRIADA | L7: Paraguay | M7: TERRESTRE | N7: Los Andes | O7: 2026PYSANJOSE044 | Q7: SAN JOSE | R7: TISJ001 | S7: TISJ004 | T7: ICESTAR | U7: =VLOOKUP('IMPO TERR'!T7,'Matriz datos'!$J$2:$K$10,2,0) -> AV. AMERICO VESPUCIO 0350, QUILICURA | V7: HUGO ARIEL MORINIGO | W7: CI: 5.497.180 | X7: 46082.751 | Y7: 46083 | Z7: 46084 | AA7: 4090180040 | AB7: 46084 | AC7: 46085.669 | AD7: 46087.305 | AF7: 28670000 | AG7: 857.58
A8: SO/6360-28 | B8: 180056 | C8: LIBERADO | D8: PENDIENTE | E8: 46079 | K8: ENFRIADA | L8: Brasil | M8: TERRESTRE | N8: Los Andes | O8: BR547044939 | Q8: MARVEL | R8: RXQ0G36 | S8: RYK0I89 | T8: WALMART | U8: =VLOOKUP('IMPO TERR'!T8,'Matriz datos'!$J$2:$K$10,2,0) -> AV. PDTE. EDUARDO FREI 8301, QUILICURA | V8: EEDISON JORGE NUNES | X8: 46086.866 | Y8: 46087 | Z8: 46083 | AA8: 4090180056 | AB8: 46087 | AC8: 46087.779 | AD8: 46087.824 | AF8: 25880000 | AG8: 857.58
A9: SO/6360-25 | B9: 180057 | C9: LIBERADO | D9: PENDIENTE | E9: 46079 | F9: C.O. ERROR | G9: C.O. ERROR | K9: ENFRIADA | L9: Brasil | M9: TERRESTRE | N9: Los Andes | O9: BR547044872 | P9: 32539 | Q9: MARVEL | R9: TDX0H19 | S9: SXM2B63 | T9: WALMART | U9: =VLOOKUP('IMPO TERR'!T9,'Matriz datos'!$J$2:$K$10,2,0) -> AV. PDTE. EDUARDO FREI 8301, QUILICURA | V9: ANDRE LUIZ DE AQUINO SOARES | W9: CPF: 932.708.872-72 | X9: 46082.639 | Y9: 46083 | Z9: 46084 | AA9: 4090180057 | AB9: 46084 | AC9: 46085.596 | AD9: 46085.68 | AF9: 25770000 | AG9: 857.58
A10: SO/6356-4 | B10: 180059 | C10: LIBERADO | D10: PENDIENTE | E10: 46079 | K10: CONGELADA | L10: Brasil | M10: TERRESTRE | N10: Los Andes | O10: BR453909363 | Q10: BRILHANTE | R10: RHG9B61 | S10: RLA8I71 | T10: WALMART | U10: =VLOOKUP('IMPO TERR'!T10,'Matriz datos'!$J$2:$K$10,2,0) -> AV. PDTE. EDUARDO FREI 8301, QUILICURA | X10: 46087.03 | Y10: 46087 | Z10: 46083 | AA10: 4090180059 | AB10: 46087 | AC10: 46088.481 | AD10: 46088.604 | AF10: 25720000 | AG10: 857.58
A11: O/87304-3 | B11: 180066 | C11: LIBERADO | D11: EMITIDA | E11: 46079 | K11: ENFRIADA | L11: Brasil | M11: TERRESTRE | N11: Los Andes | O11: BR261615121 | Q11: BELMAT | R11: GHG7D55 | S11: RLB4D02 | T11: ICESTAR | U11: =VLOOKUP('IMPO TERR'!T11,'Matriz datos'!$J$2:$K$10,2,0) -> AV. AMERICO VESPUCIO 0350, QUILICURA | V11: MARCELO DINIZ | X11: 46089.87 | Y11: 46090 | Z11: 46085 | AA11: 4090180066 | AB11: 46090 | AC11: 46091 | AD11: 46092 | AE11: 141542 | AF11: 25180000 | AG11: 857.58
A12: SO/6356-5 | B12: 180067 | C12: LIBERADO | D12: EMITIDA | E12: 46079 | F12: C.O. ERROR | G12: C.O. ERROR | K12: CONGELADA | L12: Brasil | M12: TERRESTRE | N12: Los Andes | O12: BR168811718 | R12: RLB6G92 | S12: MFV6036 | T12: WALMART | U12: =VLOOKUP('IMPO TERR'!T12,'Matriz datos'!$J$2:$K$10,2,0) -> AV. PDTE. EDUARDO FREI 8301, QUILICURA | V12: HENRIQUE CORREIA | X12: 46089.755 | Y12: 09-03-2026 | Z12: 46083 | AA12: 4090180067 | AB12: 46090 | AC12: 46090.659 | AD12: 46090 | AE12: 141496 | AF12: 24360000 | AG12: 857.58
A13: CN 6357-10 | B13: 180070 | C13: LIBERADO | D13: PENDIENTE | E13: 46079 | K13: ENFRIADA | L13: Paraguay | M13: TERRESTRE | N13: Los Andes | O13: 2026PYSANJOSE049 | Q13: SAN JOSE | R13: LJWL11 | S13: KDHS40 | T13: WALMART | U13: =VLOOKUP('IMPO TERR'!T13,'Matriz datos'!$J$2:$K$10,2,0) -> AV. PDTE. EDUARDO FREI 8301, QUILICURA | X13: 46083.877 | Y13: 46084 | Z13: 46085 | AA13: 4090180070 | AB13: 46085 | AC13: 46085.771 | AD13: 46087.752 | AF13: 27110000 | AG13: 857.58
A14: CN 6358-10 | B14: 180072 | C14: LIBERADO | D14: PENDIENTE | E14: 46079 | K14: ENFRIADA | L14: Paraguay | M14: TERRESTRE | N14: Los Andes | O14: 26PYFOODS314 | Q14: FRIGOMERC | R14: AAAE804 | S14: AAAE476 | T14: WALMART | U14: =VLOOKUP('IMPO TERR'!T14,'Matriz datos'!$J$2:$K$10,2,0) -> AV. PDTE. EDUARDO FREI 8301, QUILICURA | X14: 46084.793 | Y14: 46085 | Z14: 46085 | AA14: 4090180072 | AB14: 46085 | AC14: 46085.748 | AD14: 46091 | AF14: 26210000 | AG14: 857.58
A15: CN 6359-8 | B15: 180073 | C15: LIBERADO | D15: PENDIENTE | E15: 46079 | K15: ENFRIADA | L15: Paraguay | M15: TERRESTRE | N15: Los Andes | O15: PYLG066/2026 | P15: 2026 | Q15: LUCERY | R15: AAGN977 | S15: AAAE634 | T15: WALMART | U15: =VLOOKUP('IMPO TERR'!T15,'Matriz datos'!$J$2:$K$10,2,0) -> AV. PDTE. EDUARDO FREI 8301, QUILICURA | X15: 46084.768 | Y15: 46085 | Z15: 46083 | AA15: 4090180073 | AB15: 46085 | AC15: 46085.597 | AD15: 46087.81 | AF15: 25670000 | AG15: 857.58
A16: SO/6354-43 | B16: 180074 | C16: LIBERADO | D16: PENDIENTE | E16: 46079 | F16: C.O. VALIDAR | G16: C.O. VALIDAR | K16: ENFRIADA | L16: Brasil | M16: TERRESTRE | N16: Los Andes | O16: BR547044989 | Q16: MARVEL | R16: JBG8A84 | S16: RYM5E22 | T16: WALMART | U16: =VLOOKUP('IMPO TERR'!T16,'Matriz datos'!$J$2:$K$10,2,0) -> AV. PDTE. EDUARDO FREI 8301, QUILICURA | X16: 46087.571 | Y16: 46088 | Z16: 46084 | AA16: 4090180074 | AB16: 46087 | AC16: 46088.563 | AD16: 46088.638 | AF16: 24850000 | AG16: 857.58
A17: SO/6354-37 | B17: 180075 | C17: LIBERADO | D17: EMITIDA | E17: 46079 | K17: ENFRIADA | L17: Brasil | M17: TERRESTRE | N17: Los Andes | O17: BR547044911 | R17: RYB8I87 | S17: RYB8I87 | T17: WALMART | U17: =VLOOKUP('IMPO TERR'!T17,'Matriz datos'!$J$2:$K$10,2,0) -> AV. PDTE. EDUARDO FREI 8301, QUILICURA | V17: ALESSANDRO VIEIRA | X17: 46087.645 | Y17: 46087 | Z17: 46083 | AA17: 4090180075 | AB17: 46087 | AC17: 46090.481 | AD17: 46090.546 | AF17: 23250000 | AG17: 857.58
A18: CN 25320-6 | B18: 180109 | C18: LIBERADO | D18: PENDIENTE | E18: 46080 | K18: ENFRIADA | L18: Paraguay | M18: TERRESTRE | N18: Los Andes | O18: PYLG070/2026 | P18: 2026 | Q18: LUCERY | R18: AAHI130 | S18: AAKB750 | T18: RAMIREZ | U18: =VLOOKUP('IMPO TERR'!T18,'Matriz datos'!$J$2:$K$10,2,0) -> AV. EL PARRON 345, LA CISTERNA | X18: 46087.402 | Y18: 46087 | Z18: 46084 | AA18: 4090180109 | AB18: 46087 | AC18: 46087.778 | AD18: 46091 | AF18: 28760000 | AG18: 857.58
A19: SO/6354-41 | B19: 180110 | C19: LIBERADO | D19: PENDIENTE | E19: 46080 | K19: ENFRIADA | L19: Brasil | M19: TERRESTRE | N19: Los Andes | O19: BR547044956 | Q19: MARVEL | R19: RYX9E71 | S19: RYP2J71 | T19: WALMART | U19: =VLOOKUP('IMPO TERR'!T19,'Matriz datos'!$J$2:$K$10,2,0) -> AV. PDTE. EDUARDO FREI 8301, QUILICURA | X19: 46086.751 | Y19: 46087 | Z19: 46085 | AA19: 4090180110 | AB19: 46087 | AC19: 46087.745 | AD19: 46087.808 | AF19: 24290000 | AG19: 857.58
A20: O/87315-2 | B20: 180112 | C20: LIBERADO | D20: PENDIENTE | E20: 46080 | K20: ENFRIADA | L20: Brasil | M20: TERRESTRE | N20: Los Andes | O20: BR547044967 | Q20: MARVEL | R20: RXT9I23 | S20: RXO5E92 | T20: ICESTAR | U20: =VLOOKUP('IMPO TERR'!T20,'Matriz datos'!$J$2:$K$10,2,0) -> AV. AMERICO VESPUCIO 0350, QUILICURA | X20: 46087.459 | Y20: 46087 | Z20: 46085 | AA20: 4090180112 | AB20: 46087 | AC20: 46087.788 | AD20: 46088.512 | AF20: 25920000 | AG20: 857.58
A21: O/87568 | B21: 180114 | C21: LIBERADO | D21: PENDIENTE | E21: 46080 | K21: CONGELADA | L21: Brasil | M21: TERRESTRE | N21: Los Andes | O21: BR698100492 | Q21: VIZZOTTO | R21: RYC0I37 | S21: RLI0I42 | T21: RAMIREZ | U21: =VLOOKUP('IMPO TERR'!T21,'Matriz datos'!$J$2:$K$10,2,0) -> AV. EL PARRON 345, LA CISTERNA | X21: 46087.439 | Y21: 46087 | Z21: 46085 | AA21: 4090180114 | AB21: 46087 | AC21: 46087.777 | AD21: 46088.412 | AF21: 25840000 | AG21: 857.58
A22: CN 6360-30 | B22: 180115 | C22: LIBERADO | D22: EMITIDA | E22: 46080 | K22: ENFRIADA | L22: Paraguay | M22: TERRESTRE | N22: Los Andes | O22: PYLG072/2026 | P22: 2026 | Q22: LUCERY | R22: AAIE199 | S22: AAMA137 | T22: WALMART | U22: =VLOOKUP('IMPO TERR'!T22,'Matriz datos'!$J$2:$K$10,2,0) -> AV. PDTE. EDUARDO FREI 8301, QUILICURA | V22: FERNANDO ACOSTA AGUILAR | X22: 46088.769 | Y22: 08-03-2026 | Z22: 46084 | AA22: 4090180115 | AB22: 46090 | AC22: 46090.528 | AD22: 46092 | AE22: 141491 | AF22: 25470000 | AG22: 857.58
A23: SO/6397-2P | B23: 180133 | C23: LIBERADO | D23: EMITIDA | E23: 46083 | G23: GUIA MOD.DESTINO (RUTA 5 SUR N 2786 KM252-PLANTA 3, TALCA) | K23: CONGELADA | L23: Brasil | M23: TERRESTRE | N23: Los Andes | O23: BR707400447 | Q23: MF | R23: SQA4B99 | S23: SPZ5D39 | T23: ICESTAR | U23: Ruta 5 Sur N 2786 KM 252-Planta 3, Talca | V23: JACSON DOUGLAS LOCH | X23: 46089.864 | Y23: 46090 | Z23: 46085 | AA23: 4090180133 | AB23: 46090 | AC23: 46090 | AD23: 46090 | AE23: 141489 | AF23: 16870000 | AG23: 857.58
A24: SO/6456-3 | B24: 180136 | C24: LIBERADO | D24: PENDIENTE | E24: 46083 | K24: CONGELADA | L24: Brasil | M24: TERRESTRE | N24: Los Andes | O24: BR512203456 | Q24: VENEZA | R24: RGM7C35 | S24: QJB2B11 | T24: ICESTAR | U24: =VLOOKUP('IMPO TERR'!T24,'Matriz datos'!$J$2:$K$10,2,0) -> AV. AMERICO VESPUCIO 0350, QUILICURA | X24: 46086.938 | Y24: 46087 | Z24: 46086 | AA24: 4090180136 | AB24: 46087 | AC24: 46087.777 | AD24: 46088.446 | AF24: 25980000 | AG24: 857.58
A25: SO/6354-39 | B25: 180137 | C25: LIBERADO | D25: PENDIENTE | E25: 46083 | K25: ENFRIADA | L25: Brasil | M25: TERRESTRE | N25: Los Andes | O25: BR547044938 | P25: 32433 | Q25: MARVEL | R25: SXA9J22 | S25: SXA1F12 | T25: WALMART | U25: =VLOOKUP('IMPO TERR'!T25,'Matriz datos'!$J$2:$K$10,2,0) -> AV. PDTE. EDUARDO FREI 8301, QUILICURA | X25: 46082.575 | Y25: 02-03-2026 | Z25: 46085 | AA25: 4090180137 | AB25: 46085 | AC25: 46085.756 | AD25: 46085.835 | AF25: 24410000 | AG25: 857.58
A26: SO/6370-27 | B26: 180139 | C26: LIBERADO | D26: EMITIDA | E26: 46083 | K26: ENFRIADA | L26: Brasil | M26: TERRESTRE | N26: Los Andes | O26: BR547044995 | Q26: MARVEL | R26: RLI5A86 | S26: RYF1C29 | T26: WALMART | U26: =VLOOKUP('IMPO TERR'!T26,'Matriz datos'!$J$2:$K$10,2,0) -> AV. PDTE. EDUARDO FREI 8301, QUILICURA | V26: STEVAO GARCIA | X26: 46089.475 | Y26: 46090 | Z26: 46086 | AA26: 4090180139 | AB26: 46090 | AC26: 46090 | AD26: 46091 | AE26: 141504 | AF26: 25980000 | AG26: 857.58
A27: SO/6354-42 | B27: 180145 | C27: LIBERADO | D27: PENDIENTE | E27: 46083 | K27: ENFRIADA | L27: Brasil | M27: TERRESTRE | N27: Los Andes | O27: BR547044969 | Q27: MARVEL | R27: QTL0655 | S27: RYL9J02 | T27: WALMART | U27: =VLOOKUP('IMPO TERR'!T27,'Matriz datos'!$J$2:$K$10,2,0) -> AV. PDTE. EDUARDO FREI 8301, QUILICURA | X27: 46087.548 | Y27: 46088 | Z27: 46086 | AA27: 4090180145 | AB27: 46088 | AC27: 46088.562 | AD27: 46088.651 | AF27: 24010000 | AG27: 857.58
A28: SO/6331-15 | B28: 180146 | C28: LIBERADO | D28: PENDIENTE | E28: 46083 | K28: ENFRIADA | L28: Argentina | M28: TERRESTRE | N28: Los Andes | O28: 052024TC2026 | Q28: TRES CRUCES | R28: AG826IT | S28: AG337WM | T28: WALMART | U28: =VLOOKUP('IMPO TERR'!T28,'Matriz datos'!$J$2:$K$10,2,0) -> AV. PDTE. EDUARDO FREI 8301, QUILICURA | X28: 46084.56 | Y28: 46085 | Z28: 46086 | AA28: 4090180146 | AB28: 46086 | AC28: 46086.739 | AD28: 46086.837 | AG28: 857.58
A29: SO/6330-11 | B29: 180147 | C29: LIBERADO | D29: PENDIENTE | E29: 46083 | K29: ENFRIADA | L29: Argentina | M29: TERRESTRE | N29: Los Andes | O29: 052AR219400890 | Q29: RIO COLORADO | R29: RBTW67 | S29: JB6491 | T29: WALMART | U29: =VLOOKUP('IMPO TERR'!T29,'Matriz datos'!$J$2:$K$10,2,0) -> AV. PDTE. EDUARDO FREI 8301, QUILICURA | X29: 46084.081 | Y29: 46084 | Z29: 46085 | AA29: 4090180147 | AB29: 46085 | AC29: 46085.672 | AD29: 46088.468 | AG29: 857.58
A30: SO/6354-38 | B30: 180152 | C30: LIBERADO | D30: EMITIDA | E30: 46083 | K30: ENFRIADA | L30: Brasil | M30: TERRESTRE | N30: Los Andes | O30: BR547044953 | Q30: MARVEL | R30: RDS0192 | S30: TPY4177 | T30: WALMART | U30: =VLOOKUP('IMPO TERR'!T30,'Matriz datos'!$J$2:$K$10,2,0) -> AV. PDTE. EDUARDO FREI 8301, QUILICURA | V30: JOAO CARLOS ALVES | W30: CPF: 714.674.756-53 | X30: 46091 | Y30: 46092 | Z30: 46086 | AA30: 4090180152 | AB30: 46091 | AC30: 46092 | AD30: 46092 | AE30: 141548 | AG30: 857.58
A31: O/87772-1 | B31: 180153 | C31: LIBERADO | D31: PENDIENTE | E31: 46083 | K31: CONGELADA | L31: Brasil | M31: TERRESTRE | N31: Los Andes | O31: BR547044927 | Q31: MARVEL | R31: RLM6H97 | S31: QIT8604 | T31: ICESTAR | U31: =VLOOKUP('IMPO TERR'!T31,'Matriz datos'!$J$2:$K$10,2,0) -> AV. AMERICO VESPUCIO 0350, QUILICURA | X31: 46087.731 | Y31: 46088 | Z31: 46085 | AA31: 4090180153 | AB31: 46088 | AC31: 46088.574 | AD31: 46088.648 | AG31: 857.58
A32: O/87772-2 | B32: 180154 | C32: LIBERADO | D32: EMITIDA | E32: 46083 | K32: CONGELADA | L32: Brasil | M32: TERRESTRE | N32: Los Andes | O32: BR547045030 | Q32: MARVEL | R32: TDQ9I41 | S32: SXV1F31 | T32: ICESTAR | U32: =VLOOKUP('IMPO TERR'!T32,'Matriz datos'!$J$2:$K$10,2,0) -> AV. AMERICO VESPUCIO 0350, QUILICURA | V32: JOSE PAGOTTI | X32: 46089.969 | Y32: 46090 | Z32: 46086 | AA32: 4090180154 | AB32: 46090 | AC32: 46090 | AD32: 46090 | AE32: 141505 | AG32: 857.58
A33: SO/6360-31 | B33: 180178 | C33: LIBERADO | D33: EMITIDA | E33: 46084 | K33: ENFRIADA | L33: Brasil | M33: TERRESTRE | N33: Los Andes | O33: BR547045033 | Q33: MARVEL | R33: RXZ4F56 | S33: RYC8F45 | T33: WALMART | U33: =VLOOKUP('IMPO TERR'!T33,'Matriz datos'!$J$2:$K$10,2,0) -> AV. PDTE. EDUARDO FREI 8301, QUILICURA | V33: ALEX SANDRO GARCEZ AMARO | W33: CPF: 012.846.590-54 | X33: 46091 | Y33: 46092 | Z33: 46087 | AA33: 4090180178 | AB33: 46091 | AC33: 46092 | AD33: 46092 | AE33: 141553 | AG33: 857.58
A34: SO/6354-45 | B34: 180180 | C34: LIBERADO | D34: EMITIDA | E34: 46084 | K34: ENFRIADA | L34: Brasil | M34: TERRESTRE | N34: Los Andes | O34: BR547045016 | Q34: MARVEL | R34: RXY9E54 | S34: RXK1C65 | T34: WALMART | U34: =VLOOKUP('IMPO TERR'!T34,'Matriz datos'!$J$2:$K$10,2,0) -> AV. PDTE. EDUARDO FREI 8301, QUILICURA | V34: MARCIO DA SILVA | X34: 46090.494 | Y34: 46091 | Z34: 46086 | AA34: 4090180180 | AB34: 46090 | AC34: 46091 | AD34: 46091 | AE34: 141522 | AG34: 857.58
A35: SO/6370-29 | B35: 180181 | C35: LIBERADO | D35: EMITIDA | E35: 46084 | K35: ENFRIADA | L35: Brasil | M35: TERRESTRE | N35: Los Andes | O35: BR547045026 | Q35: MARVEL | R35: SXI7A02 | S35: RYW5J12 | T35: WALMART | U35: =VLOOKUP('IMPO TERR'!T35,'Matriz datos'!$J$2:$K$10,2,0) -> AV. PDTE. EDUARDO FREI 8301, QUILICURA | V35: ELIO PEREIRA DE OLIVEIRA | X35: 46090 | Y35: 46091 | Z35: 46086 | AA35: 4090180181 | AB35: 46091 | AC35: 46091 | AD35: 46091 | AE35: 141526 | AG35: 857.58
A36: SO/6354-46 | B36: 180183 | C36: LIBERADO | D36: EMITIDA | E36: 46084 | K36: ENFRIADA | L36: Brasil | M36: TERRESTRE | N36: Los Andes | O36: BR547045038 | P36: 40365 | Q36: MARVEL | R36: RXW2G34 | S36: SXA7D71 | T36: WALMART | U36: =VLOOKUP('IMPO TERR'!T36,'Matriz datos'!$J$2:$K$10,2,0) -> AV. PDTE. EDUARDO FREI 8301, QUILICURA | V36: GABRIEL CAMARGO FORTES | W36: CPF:446.710.208-66 | X36: 46094 | Y36: 46095 | Z36: 46086 | AA36: 4090180183 | AC36: 46095 | AD36: 46095 | AE36: 141601 | AG36: 857.58
A37: CN 6360-29 | B37: 180184 | C37: LIBERADO | D37: EMITIDA | E37: 46084 | K37: ENFRIADA | L37: Paraguay | M37: TERRESTRE | N37: Los Andes | O37: PY23TMA1138 | Q37: TRANSMA | R37: ADRI003 | S37: ADRI002 | T37: WALMART | U37: =VLOOKUP('IMPO TERR'!T37,'Matriz datos'!$J$2:$K$10,2,0) -> AV. PDTE. EDUARDO FREI 8301, QUILICURA | V37: ALCIDES AVALOS | X37: 46088.67 | Y37: 46089 | Z37: 46087 | AA37: 4090180184 | AB37: 46090 | AC37: 46090.53 | AD37: 46092 | AE37: 141488 | AG37: 857.58
A38: AR/18899-1 | B38: 180186 | C38: LIBERADO | D38: PENDIENTE | E38: 46084 | K38: ENFRIADA | L38: Argentina | M38: TERRESTRE | N38: Los Andes | O38: 052AR219400891 | Q38: RIO COLORADO | R38: HDLX77 | S38: HGKX36 | T38: TOTTUS | U38: =VLOOKUP('IMPO TERR'!T38,'Matriz datos'!$J$2:$K$10,2,0) -> AV. AMERICO VESPUCIO 0350, QUILICURA | X38: 46086.159 | Y38: 46087 | Z38: 46087 | AA38: 4090180186 | AB38: 46087 | AC38: 46087.775 | AD38: 46091 | AG38: 857.58
A39: SO/6362-3 | B39: 180188 | C39: LIBERADO | D39: EMITIDA | E39: 46084 | K39: CONGELADA | L39: Brasil | M39: TERRESTRE | N39: Los Andes | O39: BR453909370 | Q39: BRILHANTE | R39: RHR6J21 | S39: RLG5E30 | T39: WALMART | U39: =VLOOKUP('IMPO TERR'!T39,'Matriz datos'!$J$2:$K$10,2,0) -> AV. PDTE. EDUARDO FREI 8301, QUILICURA | V39: ADRIANO DE SOUZA | X39: 46090 | Y39: 46091 | Z39: 46085 | AA39: 4090180188 | AB39: 46091 | AC39: 46091 | AD39: 46092 | AE39: 141540 | AG39: 857.58
A40: SO/6354-44 | B40: 180190 | C40: LIBERADO | D40: EMITIDA | E40: 46084 | K40: ENFRIADA | L40: Brasil | M40: TERRESTRE | N40: Los Andes | O40: BR547045035 | P40: 40933 | Q40: MARVEL | R40: SYU4C97 | S40: RYT3J70 | T40: WALMART | U40: =VLOOKUP('IMPO TERR'!T40,'Matriz datos'!$J$2:$K$10,2,0) -> AV. PDTE. EDUARDO FREI 8301, QUILICURA | V40: AMILTON SOARES SILVA | W40: CPF: 075.503.384-18 | X40: 46096 | Y40: 46097 | Z40: 46086 | AA40: 4090180190 | AB40: 46097 | AC40: 46098 | AD40: 46098 | AE40: 141644 | AG40: 857.58
A41: SO/6362-1 | B41: 180192 | C41: LIBERADO | D41: EMITIDA | E41: 46084 | K41: CONGELADA | L41: Brasil | M41: TERRESTRE | N41: Los Andes | O41: BR633202432 | Q41: MIRO | R41: SVR4A13 | S41: SXJ3J97 | T41: WALMART | U41: =VLOOKUP('IMPO TERR'!T41,'Matriz datos'!$J$2:$K$10,2,0) -> AV. PDTE. EDUARDO FREI 8301, QUILICURA | V41: JONATHAN EDUARTS | X41: 46090.379 | Y41: 46091 | Z41: 46085 | AA41: 4090180192 | AB41: 46090 | AC41: 46091 | AD41: 46091 | AE41: 141523 | AG41: 857.58
A42: CN 6357-8 | B42: 180193 | C42: LIBERADO | D42: PENDIENTE | E42: 46084 | K42: ENFRIADA | L42: Paraguay | M42: TERRESTRE | N42: Los Andes | O42: 26PYFOODS316 | Q42: PYFOOD | R42: AARP790 | S42: AAAE475 | T42: WALMART | U42: =VLOOKUP('IMPO TERR'!T42,'Matriz datos'!$J$2:$K$10,2,0) -> AV. PDTE. EDUARDO FREI 8301, QUILICURA | X42: 46087.376 | Y42: 06-03-2026 | Z42: 46086 | AA42: 4090180193 | AB42: 46087 | AC42: 46087.776 | AD42: 46091 | AG42: 857.58
A43: SO/6456-4 | B43: 180195 | C43: LIBERADO | D43: EMITIDA | E43: 46084 | K43: CONGELADA | L43: Brasil | M43: TERRESTRE | N43: Los Andes | O43: BR453909378 | Q43: BRILHANTE | R43: SEK6H34 | S43: SXX0174 | T43: ICESTAR | U43: =VLOOKUP('IMPO TERR'!T43,'Matriz datos'!$J$2:$K$10,2,0) -> AV. AMERICO VESPUCIO 0350, QUILICURA | V43: LUCAS DE OLIVEIRA SOUZA | X43: 46091 | Y43: 46091 | Z43: 46087 | AA43: 4090180195 | AB43: 46091 | AC43: 46092 | AD43: 46092 | AE43: 141546 | AG43: 857.58
A44: SO/6356-6 | B44: 180196 | C44: LIBERADO | D44: EMITIDA | E44: 46084 | K44: CONGELADA | L44: Brasil | M44: TERRESTRE | N44: Los Andes | O44: BR453909383 | Q44: BRILHANTE | R44: SDZ5E28 | S44: REA1E31 | T44: WALMART | U44: =VLOOKUP('IMPO TERR'!T44,'Matriz datos'!$J$2:$K$10,2,0) -> AV. PDTE. EDUARDO FREI 8301, QUILICURA | V44: JOSENILDO FREIRE DA SILVA | X44: 46089.714 | Y44: 46090 | Z44: 46087 | AA44: 4090180196 | AB44: 46090 | AC44: 46090 | AD44: 46091 | AE44: 141509 | AG44: 857.58
A45: SO/6330-13 | B45: 180198 | C45: LIBERADO | D45: PENDIENTE | E45: 46084 | K45: ENFRIADA | L45: Argentina | M45: TERRESTRE | N45: Los Andes | O45: 052AR219400892 | Q45: RIO COLORADO | R45: HFST22 | S45: JL7542 | T45: WALMART | U45: =VLOOKUP('IMPO TERR'!T45,'Matriz datos'!$J$2:$K$10,2,0) -> AV. PDTE. EDUARDO FREI 8301, QUILICURA | X45: 46086.157 | Y45: 46087 | Z45: 46085 | AA45: 4090180198 | AB45: 46086 | AC45: 46087.596 | AD45: 46091 | AG45: 857.58
A46: CN 25314-3 | B46: 180199 | C46: LIBERADO | D46: EMITIDA | E46: 46084 | K46: ENFRIADA | L46: Paraguay | M46: TERRESTRE | N46: Los Andes | O46: 2026PYSANJOSE053 | Q46: SAN JOSE | R46: AAHX504 | S46: BETO050 | T46: ICESTAR | U46: =VLOOKUP('IMPO TERR'!T46,'Matriz datos'!$J$2:$K$10,2,0) -> AV. AMERICO VESPUCIO 0350, QUILICURA | V46: JORGE GEDEON | X46: 46089.793 | Y46: 46090 | Z46: 46087 | AA46: 4090180199 | AB46: 46090 | AC46: 46090 | AD46: 46091 | AE46: 141511 | AG46: 857.58
A47: AR/18699-5 | B47: 180201 | C47: LIBERADO | D47: PENDIENTE | E47: 46084 | K47: ENFRIADA | L47: Argentina | M47: TERRESTRE | N47: Los Andes | O47: 083029TC2026 | Q47: TRES CRUCES | R47: AF325OC | S47: AF363HN | T47: RENDIC | U47: =VLOOKUP('IMPO TERR'!T47,'Matriz datos'!$J$2:$K$10,2,0) -> CAMINO LO AGUIRRE SUR 537, PUDAHUEL | V47: MAYORGA MIGUEL | W47: DNI 25375378 | X47: 46085.891 | Y47: 46086 | Z47: 46085 | AA47: 4090180201 | AB47: 46086 | AC47: 46086.738 | AD47: 46086.831 | AG47: 857.58
A48: CN 25235-2 | B48: 180202 | C48: LIBERADO | D48: EMITIDA | E48: 46084 | K48: ENFRIADA | L48: Paraguay | M48: TERRESTRE | N48: Los Andes | O48: PYLG073/2026 | P48: 2026 | Q48: LUCERY | R48: AAJK151 | S48: AAIL683 | T48: KARMAC | U48: =VLOOKUP('IMPO TERR'!T48,'Matriz datos'!$J$2:$K$10,2,0) -> CORDILLERA 451, QUILICURA | V48: DAVID GALEANO | X48: 46088.621 | Y48: 46089 | Z48: 46087 | AA48: 4090180202 | AB48: 46090 | AC48: 46090 | AD48: 46092 | AE48: 141494 | AG48: 857.58
A49: SO/6330-12 | B49: 180213 | C49: LIBERADO | D49: PENDIENTE | E49: 46084 | K49: ENFRIADA | L49: Argentina | M49: TERRESTRE | N49: Los Andes | O49: 05217470TKBA26 | Q49: TURKEN | R49: PDKT55 | S49: KYPP95 | T49: WALMART | U49: =VLOOKUP('IMPO TERR'!T49,'Matriz datos'!$J$2:$K$10,2,0) -> AV. PDTE. EDUARDO FREI 8301, QUILICURA | V49: CORNEJO DAVID ORLANDO | W49: CI: 27.724.218-4 | X49: 46085.81 | Y49: 46086 | Z49: 46087 | AA49: 4090180213 | AB49: 46087 | AC49: 46087.776 | AD49: 46090 | AG49: 857.58
A50: SO/6370-30 | B50: 180226 | C50: LIBERADO | D50: EMITIDA | E50: 46085 | K50: ENFRIADA | L50: Brasil | M50: TERRESTRE | N50: Los Andes | O50: BR547045046 | Q50: MARVEL | R50: RYZ5B71 | S50: TPU5H98 | T50: WALMART | U50: =VLOOKUP('IMPO TERR'!T50,'Matriz datos'!$J$2:$K$10,2,0) -> AV. PDTE. EDUARDO FREI 8301, QUILICURA | V50: LUCIANO DE CAMPOS | W50: CPF: 179.279.918-90 | X50: 46089.8 | Y50: 46090 | Z50: 46087 | AA50: 4090180226 | AB50: 46090 | AC50: 46090 | AD50: 46090 | AE50: 141500 | AG50: 857.58
A51: SO/6362-4 | B51: 180228 | C51: LIBERADO | D51: EMITIDA | E51: 46085 | K51: CONGELADA | L51: Brasil | M51: TERRESTRE | N51: Los Andes | O51: BR512203463 | Q51: BELMAT | R51: SXB9E75 | S51: SXA8C05 | T51: WALMART | U51: =VLOOKUP('IMPO TERR'!T51,'Matriz datos'!$J$2:$K$10,2,0) -> AV. PDTE. EDUARDO FREI 8301, QUILICURA | V51: IVONEI FRANCHINI | W51: CPF: 028.716.939-19 | X51: 46089.287 | Y51: 46090 | Z51: 46087 | AA51: 4090180228 | AB51: 46090 | AC51: 46090 | AD51: 46091 | AE51: 141508 | AG51: 857.58
A52: O/87315-3 | B52: 180230 | C52: LIBERADO | D52: EMITIDA | E52: 46085 | K52: ENFRIADA | L52: Brasil | M52: TERRESTRE | N52: Los Andes | O52: BR261615139 | P52: 40352 | Q52: CORDENOSI | R52: RYB9H52 | S52: RLH1B24 | T52: ICESTAR | U52: =VLOOKUP('IMPO TERR'!T51,'Matriz datos'!$J$2:$K$10,2,0) -> AV. PDTE. EDUARDO FREI 8301, QUILICURA | V52: FABIO DA SILVA ABREU CARDOSO | W52: CPF: 139.977.107-83 | X52: 46094 | Y52: 46095 | Z52: 46090 | AA52: 4090180230 | AC52: 46097 | AD52: 46097 | AE52: 41609 | AG52: 857.58
A53: SO/6397-10 | B53: 180242 | C53: LIBERADO | D53: EMITIDA | E53: 46086 | G53: GUIA MOD.DESTINO (CAMINO STA.MARTA N2101, MAIPU) | K53: CONGELADA | L53: Brasil | M53: TERRESTRE | N53: Los Andes | O53: BR707400448 | Q53: MF | R53: RRX1H82 | S53: RRT5B32 | T53: ICESTAR | U53: CAMINO SANTA MARTA N2101, MAIPU | V53: LUIZ CARLOS RODRIGUES | W53: CPF: 920.555.591-68 | X53: 46089.865 | Y53: 46090 | Z53: 46087 | AA53: 4090180242 | AB53: 46090 | AC53: 46090 | AD53: 46090 | AE53: 141490 | AG53: 857.58
A54: SO/6369-10 | B54: 180249 | C54: LIBERADO | D54: EMITIDA | E54: 46086 | K54: CONGELADA | L54: Brasil | M54: TERRESTRE | N54: Los Andes | O54: BR547044982 | Q54: MARVEL | R54: RYH3D89 | S54: RXK9A35 | T54: ICESTAR | U54: =VLOOKUP('IMPO TERR'!T54,'Matriz datos'!$J$2:$K$10,2,0) -> AV. AMERICO VESPUCIO 0350, QUILICURA | V54: LUIZ ANTONIO DA SILVA | W54: CPF: 495.240.971-68 | X54: 46090.027 | Y54: 46090 | Z54: 46087 | AA54: 4090180249 | AB54: 46090 | AC54: 46090 | AD54: 46090 | AE54: 141498 | AG54: 857.58
A55: SO/6575-1 | B55: 180257 | C55: LIBERADO | D55: EMITIDA | E55: 46086 | G55: Camion no fue inspeccionado ya que estaba bloqueado | K55: ENFRIADA | L55: Argentina | M55: TERRESTRE | N55: Los Andes | O55: 0520052026CH | Q55: BERTA GARCIA | R55: HLZW91 | S55: PWST38 | T55: RENDIC | U55: =VLOOKUP('IMPO TERR'!T55,'Matriz datos'!$J$2:$K$10,2,0) -> CAMINO LO AGUIRRE SUR 537, PUDAHUEL | V55: HUGO DURE OJEDA | W55: CI 1.884.261 | X55: 46087.834 | Y55: 46088 | Z55: 46087 | AA55: 4090180257 | AB55: 46090 | AC55: 46091 | AD55: 46092 | AE55: 141516
A56: CN 25320-5 | B56: 180261 | C56: LIBERADO | D56: EMITIDA | E56: 46086 | K56: ENFRIADA | L56: Paraguay | M56: TERRESTRE | N56: Los Andes | O56: PYLG074/2026 | P56: 2026 | Q56: LUCERY | R56: AAIE005 | S56: AAIE004 | T56: RAMIREZ | U56: =VLOOKUP('IMPO TERR'!T56,'Matriz datos'!$J$2:$K$10,2,0) -> AV. EL PARRON 345, LA CISTERNA | V56: ANTONIO RIOS | X56: 46091 | Y56: 46092 | Z56: 46090 | AA56: 4090180261 | AB56: 46092 | AC56: 46092 | AD56: 46094 | AE56: 141554 | AF56: 28770000
A57: CN 25412-1 | B57: 180263 | C57: LIBERADO | D57: EMITIDA | E57: 46086 | K57: ENFRIADA | L57: Paraguay | M57: TERRESTRE | N57: Los Andes | O57: PY23TMA1140 | Q57: TRANSMA | R57: AASC567 | S57: AARP529 | T57: RENDIC | U57: =VLOOKUP('IMPO TERR'!T57,'Matriz datos'!$J$2:$K$10,2,0) -> CAMINO LO AGUIRRE SUR 537, PUDAHUEL | V57: NELSON GONZALEZ | W57: CI: 4.926.875 | X57: 46091 | Y57: 46091 | Z57: 46088 | AA57: 4090180263 | AB57: 46091 | AC57: 46091 | AD57: 46092 | AE57: 141533
A58: CN 25368-2 | B58: 180265 | C58: LIBERADO | D58: EMITIDA | E58: 46086 | K58: ENFRIADA | L58: Paraguay | M58: TERRESTRE | N58: Los Andes | O58: PYLG075/2026 | P58: 2026 | Q58: LUCERY | R58: AAGN704 | S58: AAIN016 | T58: FRIGOZETA | U58: =VLOOKUP('IMPO TERR'!T58,'Matriz datos'!$J$2:$K$10,2,0) -> 6 ORIENTE 152-D CALETERA ORIENTE ALTURA KM 39, PAINE | V58: DIEGO SAMUDIO BARRIOS | X58: 46091 | Y58: 46092 | Z58: 46090 | AA58: 4090180265 | AB58: 46092 | AC58: 46092 | AD58: 46093 | AE58: 141550
A59: CN 6358-13 | B59: 180284 | C59: LIBERADO | D59: EMITIDA | E59: 46087 | K59: ENFRIADA | L59: Paraguay | M59: TERRESTRE | N59: Los Andes | O59: PYLG076/2026 | P59: 2026 | Q59: LUCERY | R59: AAHI478 | S59: AAMS803 | T59: WALMART | U59: =VLOOKUP('IMPO TERR'!T59,'Matriz datos'!$J$2:$K$10,2,0) -> AV. PDTE. EDUARDO FREI 8301, QUILICURA | V59: SERGIO RAMON OVELAR | X59: 46091 | Y59: 46092 | Z59: 46091 | AA59: 4090180284 | AB59: 46092 | AC59: 46092 | AD59: 46093 | AE59: 141551
A60: SO/6397-7 | B60: 180286 | C60: LIBERADO | D60: EMITIDA | E60: 46087 | K60: CONGELADA | L60: Brasil | M60: TERRESTRE | N60: Los Andes | O60: BR547045048 | Q60: MARVEL | R60: RYH3B97 | S60: RXO5F99 | T60: CIAL | U60: =VLOOKUP('IMPO TERR'!T60,'Matriz datos'!$J$2:$K$10,2,0) -> CAMINO SANTA MARTA 2101, MAIPU | V60: SIDNEI DOS SANTOS MASCENA | W60: CPF: 003.174.795-71 | X60: 46093 | Y60: 46094 | Z60: 46092 | AA60: 4090180286 | AC60: 46094 | AD60: 46094 | AE60: 141587 | AF60: 16820000
A61: SO/6354-48 | B61: 180288 | C61: EN TRANSITO | D61: PENDIENTE | E61: 46087 | K61: ENFRIADA | L61: Brasil | M61: TERRESTRE | N61: Los Andes | O61: BR547046096 | Q61: MARVEL | R61: RLH5195 | S61: RAD1204 | T61: WALMART | U61: =VLOOKUP('IMPO TERR'!T61,'Matriz datos'!$J$2:$K$10,2,0) -> AV. PDTE. EDUARDO FREI 8301, QUILICURA | V61: AGLAYR VAGNER DA SILVA BENICIO | W61: CPF: 094.932.184-22 | Z61: 46091 | AA61: 4090180288
A62: SO/6362-5 | B62: 180289 | C62: EN ALMACEN | D62: PENDIENTE | E62: 46087 | G62: CAJA CON PROBLE DE ETIQUETADO A LA ESPERA DE DESTRUCCION | K62: CONGELADA | L62: Brasil | M62: TERRESTRE | N62: Los Andes | O62: BR512203471 | P62: 40322 | Q62: VENEZA | R62: RLN3177 | S62: QIE4446 | T62: WALMART | U62: =VLOOKUP('IMPO TERR'!T62,'Matriz datos'!$J$2:$K$10,2,0) -> AV. PDTE. EDUARDO FREI 8301, QUILICURA | V62: EDUARDO FELIPE DE BRITTO | W62: CPF: 103.468.359-41 | X62: 46094 | Y62: 46095 | Z62: 46091 | AA62: 4090180289 | AC62: PENDIENTE | AD62: PENDIENTE | AF62: 21190000
A63: O/88092 | B63: 180290 | C63: EN ALMACEN | D63: EMITIDA | E63: 46088 | K63: ENFRIADA | L63: Brasil | M63: TERRESTRE | N63: Los Andes | O63: BR453909390 | P63: 42111 | Q63: BRILHANTE | R63: RHU1F29 | S63: TBG6J04 | T63: ICESTAR | U63: MERCADO FRANKLIN 888, SANTIAGO | V63: LEANDRO LOPES DE LIMA PEREIRA | W63: CPF: 088.840.269-46 | X63: 46097 | Y63: 46098 | Z63: 46090 | AA63: 4090180290 | AC63: 46098 | AD63: PENDIENTE | AF63: 27800000
A64: SO/6362-2 | B64: 180291 | C64: LIBERADO | D64: EMITIDA | E64: 46088 | K64: CONGELADA | L64: Brasil | M64: TERRESTRE | N64: Los Andes | O64: BR547045042 | P64: 40320 | Q64: MARVEL | R64: RLJ2171 | S64: RYF0E17 | T64: WALMART | U64: =VLOOKUP('IMPO TERR'!T64,'Matriz datos'!$J$2:$K$10,2,0) -> AV. PDTE. EDUARDO FREI 8301, QUILICURA | V64: ROBSON ROSA DO NASCIMENTO | W64: CPF: 194.816.998-38 | X64: 46094 | Y64: 46095 | Z64: 46091 | AA64: 4090180291 | AC64: 46095 | AD64: 46095 | AE64: 141598 | AF64: 20440000
A65: SO/6370-32 | B65: 180292 | C65: LIBERADO | D65: EMITIDA | E65: 46088 | K65: ENFRIADA | L65: Brasil | M65: TERRESTRE | N65: Los Andes | O65: BR547046082 | P65: 41046 | Q65: MARVEL | R65: RLK5H25 | S65: RLK5H25 | T65: WALMART | U65: =VLOOKUP('IMPO TERR'!T65,'Matriz datos'!$J$2:$K$10,2,0) -> AV. PDTE. EDUARDO FREI 8301, QUILICURA | V65: SILVANA ADRIA | W65: CPF:059.254.209-26 | X65: 46096 | Y65: 46097 | Z65: 46090 | AA65: 4090180292 | AB65: 46097 | AC65: 46097 | AD65: 46098 | AE65: 141638 | AF65: 26080000
A66: SO/6350-9 | B66: 180293 | C66: LIBERADO | D66: EMITIDA | E66: 46088 | K66: ENFRIADA | L66: Brasil | M66: TERRESTRE | N66: Los Andes | O66: BR547046105 | P66: 41312 | Q66: MARVEL | R66: RXZ3H19 | S66: RXV7B59 | T66: WALMART | U66: =VLOOKUP('IMPO TERR'!T66,'Matriz datos'!$J$2:$K$10,2,0) -> AV. PDTE. EDUARDO FREI 8301, QUILICURA | V66: EZEQUIEL DOS SANTOS | W66: CPF: 004.007.569-94 | X66: 46096 | Y66: 46097 | Z66: 46091 | AA66: 4090180293 | AB66: 46097 | AC66: 46098 | AD66: 46098 | AE66: 141650 | AF66: 24400000
A67: SO/6497-1 | B67: 180311 | C67: LIBERADO | D67: EMITIDA | E67: 46090 | K67: CONGELADA | L67: Brasil | M67: TERRESTRE | N67: Los Andes | O67: BR512203472 | P67: 40314 | R67: RXY6J89 | S67: RLH9C86 | T67: ICESTAR | U67: Ruta 5 Sur N 2786 KM 252-Planta 3, Talca | V67: LETICIA DE CARVALHO | W67: 24625000 | X67: 46094 | Y67: 46095 | Z67: 46092 | AA67: 4090180311 | AC67: 46095 | AD67: 46095 | AE67: 141604 | AF67: 17540000
A68: SO/6350-5 | B68: 180312 | C68: LIBERADO | D68: EMITIDA | E68: 46090 | K68: ENFRIADA | L68: Brasil | M68: TERRESTRE | N68: Los Andes | O68: BR547046119 | P68: 40978 | Q68: MARVEL | R68: RLN9J25 | S68: RLM7H95 | T68: WALMART | U68: =VLOOKUP('IMPO TERR'!T68,'Matriz datos'!$J$2:$K$10,2,0) -> AV. PDTE. EDUARDO FREI 8301, QUILICURA | V68: NATANAEL DOS SANTOS FERTONANE | W68: CPF:038.213.502-45 | X68: 46096 | Y68: 46097 | Z68: 46091 | AA68: 4090180312 | AB68: 46097 | AC68: 46098 | AD68: 46098 | AE68: 141647 | AF68: 24110000
A69: SO/6397-8 | B69: 180313 | C69: LIBERADO | D69: EMITIDA | E69: 46090 | K69: CONGELADA | L69: Brasil | M69: TERRESTRE | N69: Los Andes | O69: BR512203469 | P69: 40485 | R69: SXK6J99 | S69: RYN2C80 | T69: CIAL | U69: =VLOOKUP('IMPO TERR'!T69,'Matriz datos'!$J$2:$K$10,2,0) -> CAMINO SANTA MARTA 2101, MAIPU | V69: CLAUDIO LARA DE JESUS | W69: CPF: 049.285.829-26 | X69: 46094 | Y69: 46095 | Z69: 46093 | AA69: 4090180313 | AC69: 46095 | AD69: 46095 | AE69: 141610 | AF69: 16870000
A70: SO/6370-28 | B70: 180314 | C70: LIBERADO | D70: EMITIDA | E70: 46090 | G70: CDA SALUD DEVUELTO POR FIRMADOR | K70: ENFRIADA | L70: Brasil | M70: TERRESTRE | N70: Los Andes | O70: BR547045034 | P70: 37030 | Q70: MARVEL | R70: RYH3E69 | S70: SXG8173 | T70: WALMART | U70: =VLOOKUP('IMPO TERR'!T70,'Matriz datos'!$J$2:$K$10,2,0) -> AV. PDTE. EDUARDO FREI 8301, QUILICURA | V70: ROBISON JUNIOR FALCAO | W70: CPF: 070.468.649-00 | X70: 46089 | Y70: 46090 | Z70: 46093 | AA70: 4090180314 | AB70: 46094 | AC70: 46094 | AD70: 46094 | AE70: 141596 | AF70: 25560000
A71: CN 6357-13 | B71: 180318 | C71: EN ALMACEN | D71: PENDIENTE | E71: 46090 | K71: ENFRIADA | L71: Paraguay | M71: TERRESTRE | N71: Los Andes | O71: PY23TMA1141 | P71: 40724 | Q71: TRANSMA | R71: BRNA075 | S71: TINI074 | T71: WALMART | U71: =VLOOKUP('IMPO TERR'!T71,'Matriz datos'!$J$2:$K$10,2,0) -> AV. PDTE. EDUARDO FREI 8301, QUILICURA | V71: LUIS BENITZ | W71: CI: 3.508.310 | X71: 46095 | Y71: 46096 | Z71: 46091 | AA71: 4090180318 | AB71: 46097 | AC71: 46097 | AD71: PENDIENTE | AE71: 141614 | AF71: 27060000
A72: SO/6354-47 | B72: 180319 | C72: LIBERADO | D72: EMITIDA | E72: 46090 | K72: ENFRIADA | L72: Brasil | M72: TERRESTRE | N72: Los Andes | O72: BR547046065 | P72: 41073 | R72: RXV7D73 | S72: OJL0526 | T72: WALMART | U72: =VLOOKUP('IMPO TERR'!T72,'Matriz datos'!$J$2:$K$10,2,0) -> AV. PDTE. EDUARDO FREI 8301, QUILICURA | V72: FERNANDO SCHMITT | W72: CPF: 022.714.529-10 | X72: 46096 | Y72: 46097 | Z72: 46092 | AA72: 4090180319 | AB72: 46097 | AC72: 46098 | AD72: 46098 | AE72: 141643 | AF72: 24760000
A73: CN 25412-2 | B73: 180320 | C73: LIBERADO | D73: PENDIENTE | E73: 45360 | K73: ENFRIADA | L73: Paraguay | M73: TERRESTRE | N73: Los Andes | O73: PY23TMA1142 | P73: 40725 | Q73: TRANSMA | R73: AAVP142 | S73: AAFR256 | T73: RENDIC | U73: =VLOOKUP('IMPO TERR'!T73,'Matriz datos'!$J$2:$K$10,2,0) -> CAMINO LO AGUIRRE SUR 537, PUDAHUEL | V73: JUAN CARLOS GONZALES | W73: CI: 4.550.729 | X73: 46095 | Y73: 46096 | Z73: 46091 | AA73: 4090180320 | AB73: 46097 | AC73: 46097 | AD73: 46098 | AE73: 141613 | AF73: 34020000
A74: SO/6397-9 | B74: 180328 | C74: LIBERADO | D74: EMITIDA | E74: 46090 | G74: Pendiente Factura | K74: CONGELADA | L74: Brasil | M74: TERRESTRE | N74: Los Andes | O74: BR707400452 | P74: 39870 | Q74: MF | R74: SPX6D65 | S74: SPU3D81 | T74: CIAL | U74: =VLOOKUP('IMPO TERR'!T74,'Matriz datos'!$J$2:$K$10,2,0) -> CAMINO SANTA MARTA 2101, MAIPU | V74: RENILDO DE SOUZA | X74: 46093 | Y74: 46094 | Z74: 46093 | AA74: 4090180328 | AB74: 46094 | AC74: 46094 | AD74: 46095 | AE74: 141594 | AF74: 16.740.00
A75: AR/18699-6 | B75: 180329 | C75: LIBERADO | D75: EMITIDA | E75: 46090 | K75: ENFRIADA | L75: Argentina | M75: TERRESTRE | N75: Los Andes | O75: 083031TC2026 | Q75: TRES CRUCES | R75: AE443QW | S75: AE573JA | T75: RENDIC | U75: =VLOOKUP('IMPO TERR'!T75,'Matriz datos'!$J$2:$K$10,2,0) -> CAMINO LO AGUIRRE SUR 537, PUDAHUEL | V75: CRISTIAN MARIO CALCATERRA | W75: DNI 24344790 | X75: 46091 | Y75: 46092 | Z75: 46092 | AA75: 4090180329 | AB75: 46092 | AC75: 46092 | AD75: 46092 | AE75: 141569 | AF75: 29110000
A76: AR/18891-1 | B76: 180331 | C76: LIBERADO | D76: EMITIDA | E76: 46090 | G76: En espera de cert. embarque ( correcto ) | K76: ENFRIADA | L76: Argentina | M76: TERRESTRE | N76: Los Andes | O76: 05217474TKBA26 | P76: 26AR094328N | R76: LZRH39 | S76: KYPP93 | T76: ICESTAR (TOTTUS) | U76: AV. AMERICO VESPUCIO 0350, QUILICURA | V76: CLAUDIO DANIEL AVILA | W76: CI: 28.928.820-1 | X76: 46093 | Y76: 46093 | Z76: 46092 | AA76: 4090180331 | AB76: 46093 | AC76: 46093 | AD76: 46094 | AE76: 141573 | AF76: 36780000
A77: CN 6358-12 | B77: 180332 | C77: LIBERADO | D77: EMITIDA | E77: 46304 | K77: ENFRIADA | L77: Paraguay | M77: TERRESTRE | N77: Los Andes | O77: 2026PYSANJOSE056B | P77: 40352 | R77: CFGY84 | S77: GRJZ25 | T77: WALMART | U77: =VLOOKUP('IMPO TERR'!T77,'Matriz datos'!$J$2:$K$10,2,0) -> AV. PDTE. EDUARDO FREI 8301, QUILICURA | V77: JUAN LEDEZMA | X77: 46094 | Y77: 46095 | Z77: 46092 | AA77: 4090180332 | AC77: 46095 | AD77: 46097 | AE77: 141606 | AF77: 9010000
A78: CN 6358-12A | B78: 180333 | C78: LIBERADO | D78: EMITIDA | E78: 46304 | K78: ENFRIADA | L78: Paraguay | M78: TERRESTRE | N78: Los Andes | O78: 2026PYSANJOSE056A | P78: 40352 | R78: CFGY84 | S78: GRJZ25 | T78: WALMART | U78: =VLOOKUP('IMPO TERR'!T78,'Matriz datos'!$J$2:$K$10,2,0) -> AV. PDTE. EDUARDO FREI 8301, QUILICURA | V78: JUAN LEDEZMA | X78: 46094 | Y78: 46095 | Z78: 46092 | AA78: 4090180333 | AC78: 46095 | AD78: 46097 | AE78: 141606 | AF78: 18520000
A79: SO/6370-25 | B79: 180334 | C79: LIBERADO | D79: EMITIDA | E79: 46090 | K79: ENFRIADA | L79: Brasil | M79: TERRESTRE | N79: Los Andes | O79: BR547044942 | Q79: MARVEL | R79: RXW2D34 | S79: SXJ2B28 | T79: WALMART | U79: =VLOOKUP('IMPO TERR'!T79,'Matriz datos'!$J$2:$K$10,2,0) -> AV. PDTE. EDUARDO FREI 8301, QUILICURA | V79: MARCOS ANTONIO DA SILVA | W79: CPF: 173.180.858-98 | X79: 46089 | Y79: 46090 | Z79: 46092 | AA79: 4090180334 | AB79: 46092 | AC79: 46092 | AD79: 46092 | AE79: 141566 | AF79: 25590000
A80: SO/6331-16 | B80: 180338 | C80: LIBERADO | D80: EMITIDA | E80: 46091 | K80: ENFRIADA | L80: Argentina | M80: TERRESTRE | N80: Los Andes | O80: 052030TC2026 | Q80: TRES CRUCES | R80: AE484FV | S80: AE515QK | T80: WALMART | U80: =VLOOKUP('IMPO TERR'!T80,'Matriz datos'!$J$2:$K$10,2,0) -> AV. PDTE. EDUARDO FREI 8301, QUILICURA | V80: ARIEL MUÑOZ | W80: DNI: 26.395.174 | X80: 46091 | Y80: 46092 | Z80: 46091 | AA80: 4090180338 | AB80: 46091 | AC80: 46092 | AD80: 46092 | AE80: 141565 | AF80: 49300000
A81: CN 6355-2P | B81: 180339 | C81: EN ALMACEN | D81: PENDIENTE | E81: 46091 | K81: CONGELADA | L81: Paraguay | M81: TERRESTRE | N81: Los Andes | O81: PY23TMA1143 | P81: 40765 | R81: CRIS006 | S81: CRIS008 | T81: ICESTAR | U81: =VLOOKUP('IMPO TERR'!T81,'Matriz datos'!$J$2:$K$10,2,0) -> AV. AMERICO VESPUCIO 0350, QUILICURA | V81: IVAN CESPEDES | W81: CI: 4.487.343 | X81: 46095 | Y81: 46096 | Z81: 46092 | AA81: 4090180339 | AB81: 46097 | AC81: 46097 | AD81: PENDIENTE | AE81: 141636 | AF81: 24530000
A82: CN 6359-10 | B82: 180340 | C82: LIBERADO | D82: EMITIDA | E82: 46091 | K82: ENFRIADA | L82: Paraguay | M82: TERRESTRE | N82: Los Andes | O82: 26PYFOODS319 | P82: 40471 | R82: AARP789 | S82: AAAE809 | T82: WALMART | U82: =VLOOKUP('IMPO TERR'!T82,'Matriz datos'!$J$2:$K$10,2,0) -> AV. PDTE. EDUARDO FREI 8301, QUILICURA | V82: JOSE OMAR BAREIRO ECHAGUE | W82: CI: 3.393.495 | X82: 46094 | Y82: 46095 | Z82: 46092 | AA82: 4090180340 | AC82: 46095 | AD82: 46098 | AE82: 141605 | AF82: 13560000
A83: CN 6359-10A | B83: 180341 | C83: LIBERADO | D83: EMITIDA | E83: 10/0372026 | K83: ENFRIADA | L83: Paraguay | M83: TERRESTRE | N83: Los Andes | O83: 26PYFOODS320 | P83: 40471 | R83: AARP789 | S83: AAAE809 | T83: WALMART | U83: =VLOOKUP('IMPO TERR'!T83,'Matriz datos'!$J$2:$K$10,2,0) -> AV. PDTE. EDUARDO FREI 8301, QUILICURA | V83: JOSE OMAR BAREIRO ECHAGUE | W83: CI: 3.393.495 | X83: 46094 | Y83: 46095 | Z83: 46092 | AA83: 4090180341 | AC83: 46095 | AD83: 46098 | AE83: 141605 | AF83: 13640000
A84: SO/6331-17 | B84: 180356 | C84: LIBERADO | D84: EMITIDA | E84: 46091 | K84: ENFRIADA | L84: Argentina | M84: TERRESTRE | N84: Los Andes | O84: 052033TC2026 | Q84: EXPOVERDE | R84: AH510WF | S84: AH482OL | T84: WALMART | U84: =VLOOKUP('IMPO TERR'!T84,'Matriz datos'!$J$2:$K$10,2,0) -> AV. PDTE. EDUARDO FREI 8301, QUILICURA | V84: CESAR AUGUSTO SORIA | W84: DNI: 29.701.819 | X84: 46093 | Y84: 46093 | Z84: 46092 | AA84: 4090180356 | AB84: 46093 | AC84: 46094 | AD84: 46094 | AE84: 141148 | AF84: 49180000
A85: SO/6330-14 | B85: 180357 | C85: LIBERADO | D85: EMITIDA | E85: 46091 | K85: ENFRIADA | L85: Argentina | M85: TERRESTRE | N85: Los Andes | O85: 052032TC2026 | Q85: TRES CRUCES | R85: AE443QX | S85: AG364RE | T85: WALMART | U85: =VLOOKUP('IMPO TERR'!T85,'Matriz datos'!$J$2:$K$10,2,0) -> AV. PDTE. EDUARDO FREI 8301, QUILICURA | V85: HUGO GASTON CORTES | W85: DNI 27.390.951 | X85: 46092 | Y85: 46093 | Z85: 46093 | AA85: 4090180357 | AB85: 46093 | AC85: 46093 | AD85: 46093 | AE85: 141578 | AF85: 30550000
A86: SO/6558-1 | B86: 180358 | D86: PENDIENTE | E86: 46091 | K86: CONGELADA | L86: Brasil | M86: TERRESTRE | N86: Los Andes | O86: BR707400454 | Q86: MF | R86: RRP4E97 | S86: RRL1G49 | T86: ICESTAR | U86: =VLOOKUP('IMPO TERR'!T86,'Matriz datos'!$J$2:$K$10,2,0) -> AV. AMERICO VESPUCIO 0350, QUILICURA | V86: IVAN TIAGO MOREIRA SANTOS | W86: CPF: 024.612.645-03 | Z86: 46094 | AA86: 4090180358 | AF86: 14980000
A87: SO/6370-33 | B87: 180359 | C87: EN ALMACEN | D87: PENDIENTE | E87: 46091 | K87: ENFRIADA | L87: Brasil | M87: TERRESTRE | N87: Los Andes | O87: BR547046106 | P87: 41827 | Q87: MARVEL | R87: RLD7F60 | S87: RXV8D99 | T87: WALMART | U87: =VLOOKUP('IMPO TERR'!T87,'Matriz datos'!$J$2:$K$10,2,0) -> AV. PDTE. EDUARDO FREI 8301, QUILICURA | V87: JORGINALDO DE CARVALHO SANTOS | W87: CPF: 050.265.945-90 | X87: 46097 | Y87: 46098 | Z87: 46093 | AA87: 4090180359 | AB87: 46097 | AC87: PENDIENTE | AD87: PENDIENTE | AF87: 25420000
A88: CN 25235-1 | B88: 180360 | C88: EN ALMACEN | D88: PENDIENTE | E88: 46091 | K88: ENFRIADA | L88: Paraguay | M88: TERRESTRE | N88: Los Andes | O88: PY23TMA1144 | P88: 41146 | Q88: TRANSMA | R88: AAAU361 | S88: AARP524 | T88: KARMAC | U88: =VLOOKUP('IMPO TERR'!T88,'Matriz datos'!$J$2:$K$10,2,0) -> CORDILLERA 451, QUILICURA | V88: ANTONIO RECALDE | W88: CI: 4.996.980 | X88: 46096 | Y88: 46097 | Z88: 46093 | AA88: 4090180360 | AB88: 46097 | AC88: 46097 | AD88: PENDIENTE | AE88: 141622 | AF88: 28710000
A89: CN 25320-7 | B89: 180361 | C89: EN ALMACEN | D89: EMITIDA | E89: 46091 | K89: ENFRIADA | L89: Paraguay | M89: TERRESTRE | N89: Los Andes | O89: 26PYFOODS321 | P89: 40911 | Q89: PY FOODS | R89: AAAE437 | S89: AAAE603 | T89: RAMIREZ | U89: =VLOOKUP('IMPO TERR'!T89,'Matriz datos'!$J$2:$K$10,2,0) -> AV. EL PARRON 345, LA CISTERNA | V89: DERLIS PARANDERI | X89: 46096 | Y89: 46097 | Z89: 46084 | AA89: 4090180361 | AB89: 46097 | AC89: 46098 | AD89: PENDIENTE | AE89: 141639 | AF89: 28790000
A90: SO/6350-6 | B90: 180365 | C90: LIBERADO | D90: PENDIENTE | E90: 46091 | K90: ENFRIADA | L90: Brasil | M90: TERRESTRE | N90: Los Andes | O90: BR547046115 | Q90: MARVEL | R90: RYE9F99 | S90: RYF1B69 | T90: WALMART | U90: =VLOOKUP('IMPO TERR'!T90,'Matriz datos'!$J$2:$K$10,2,0) -> AV. PDTE. EDUARDO FREI 8301, QUILICURA | V90: GISLAINE APARECIDA HACK | W90: CPF: 050.979.269-35 | Z90: 46093 | AA90: 4090180365 | AF90: 24380000
A91: CN 25412-3 | B91: 180366 | C91: EN ALMACEN | D91: EMITIDA | E91: 46091 | K91: ENFRIADA | L91: Paraguay | M91: TERRESTRE | N91: Los Andes | O91: 26PYFOODS322 | P91: 40910 | Q91: PY FOODS | R91: AAAE436 | S91: AAAE477 | T91: RENDIC | U91: =VLOOKUP('IMPO TERR'!T91,'Matriz datos'!$J$2:$K$10,2,0) -> CAMINO LO AGUIRRE SUR 537, PUDAHUEL | V91: CRISTIAN RAUL GARCIA | W91: CI: 5.785.378 | X91: 46096 | Y91: 46097 | Z91: 46093 | AA91: 4090180366 | AB91: 46097 | AC91: 46098 | AD91: PENDIENTE | AF91: 34270000
A92: SO/6558-2 | B92: 180369 | D92: PENDIENTE | E92: 46091 | K92: CONGELADA | L92: Brasil | M92: TERRESTRE | N92: Los Andes | O92: 26PYFOODS322 | Q92: MF | R92: RRT1E57 | S92: RRU8J60 | T92: ICESTAR | U92: =VLOOKUP('IMPO TERR'!T92,'Matriz datos'!$J$2:$K$10,2,0) -> AV. AMERICO VESPUCIO 0350, QUILICURA | V92: CLEITON DE OLIVEIRA MARCONES | W92: CPF: 094.988.706-40 | Z92: 46093 | AA92: 4090180369 | AF92: 14830000
A93: SO/6354-50 | B93: 180370 | D93: PENDIENTE | E93: 46091 | K93: ENFRIADA | L93: Brasil | M93: TERRESTRE | N93: Los Andes | O93: BR547046137 | Q93: MARVEL | R93: RVD3G89 | S93: RYVOF08 | T93: WALMART | U93: =VLOOKUP('IMPO TERR'!T93,'Matriz datos'!$J$2:$K$10,2,0) -> AV. PDTE. EDUARDO FREI 8301, QUILICURA | V93: VALTEIR HIPOLITO DA SILVA | W93: CPF: 102.840.658-46 | Z93: 46094 | AA93: 4090180370 | AF93: 24220000
A94: SO/6354-51 | B94: 180385 | D94: PENDIENTE | E94: 46092 | K94: ENFRIADA | L94: Brasil | M94: TERRESTRE | N94: Los Andes | O94: BR547046126 | Q94: MARVEL | R94: QJC7985 | S94: RYEOD53 | T94: WALMART | U94: =VLOOKUP('IMPO TERR'!T94,'Matriz datos'!$J$2:$K$10,2,0) -> AV. PDTE. EDUARDO FREI 8301, QUILICURA | V94: LUCIANO DE JESUS DIAS | W94: CPF: 248.364.078-85 | Z94: 46093 | AA94: 4090180385 | AF94: 24270000
A95: SO/6362-7 | B95: 180400 | C95: EN ALMACEN | D95: PENDIENTE | E95: 46092 | K95: CONGELADA | L95: Brasil | M95: TERRESTRE | N95: Los Andes | O95: BR547046103 | P95: 42173 | Q95: MARVEL | R95: QTK6657 | S95: QJX4177 | T95: WALMART | U95: =VLOOKUP('IMPO TERR'!T95,'Matriz datos'!$J$2:$K$10,2,0) -> AV. PDTE. EDUARDO FREI 8301, QUILICURA | V95: ROGER SANDRO DE SANTANA | W95: 57217642 | X95: 46097 | Y95: 46098 | Z95: 46094 | AA95: 4090180400 | AC95: PENDIENTE | AD95: PENDIENTE | AF95: 21200000
A96: SO/6362-9 | B96: 180401 | C96: ARRIBADA EN PUERTO | D96: PENDIENTE | E96: 46092 | K96: CONGELADA | L96: Brasil | M96: TERRESTRE | N96: Los Andes | O96: BR512203481 | P96: 42786 | Q96: VENEZA | R96: RGM7C44 | S96: RXM9F24 | T96: WALMART | U96: =VLOOKUP('IMPO TERR'!T96,'Matriz datos'!$J$2:$K$10,2,0) -> AV. PDTE. EDUARDO FREI 8301, QUILICURA | V96: FRENANDO MARTINS DA SALIVA | W96: CPF: 061.008.759-26 | X96: 46098 | Y96: PENDIENTE | Z96: 46094 | AA96: 4090180401 | AC96: PENDIENTE | AD96: PENDIENTE | AF96: 21200000
A97: SO/6360-34 | B97: 180402 | C97: LIBERADO | D97: PENDIENTE | E97: 46092 | K97: ENFRIADA | L97: Brasil | M97: TERRESTRE | N97: Los Andes | O97: BR547046132 | R97: RYG9G47 | S97: TPO4B59 | T97: WALMART | U97: =VLOOKUP('IMPO TERR'!T97,'Matriz datos'!$J$2:$K$10,2,0) -> AV. PDTE. EDUARDO FREI 8301, QUILICURA | V97: HELVECIO CARLOS DE OLIVEIRA JUNIOR | W97: CPF: 118.763.976-16 | Z97: 46095 | AA97: 4090180402 | AF97: 25760000
A98: AR/18899-2 | B98: 180403 | C98: EN ALMACEN | D98: PENDIENTE | E98: 46092 | G98: SAG OBJETADO (CVI Y CERT. DE EMBARQUE NO CORRESPONDE) | K98: ENFRIADA | L98: Argentina | M98: TERRESTRE | N98: Los Andes | O98: 05217480TKBA26 | P98: 26AR100249D | R98: PDKT58 | S98: KYPP94 | T98: ICESTAR (TOTTUS) | U98: =VLOOKUP('IMPO TERR'!T98,'Matriz datos'!$J$2:$K$10,2,0) -> #N/A | V98: RUIZ MARCELO NESTOR RAMON | W98: CI: 24.863.267-4 | X98: 46097 | Y98: 46098 | Z98: 46097 | AA98: 4090180403 | AC98: PENDIENTE | AD98: PENDIENTE | AF98: 35880000
A99: SO/6357-14 | B99: 180405 | C99: ARRIBADA EN PUERTO | D99: PENDIENTE | E99: 46092 | K99: ENFRIADA | L99: Brasil | M99: TERRESTRE | N99: Los Andes | O99: BR547046134 | P99: 42857 | Q99: MARVEL | R99: RYBOC99 | S99: RYS2F72 | T99: WALMART | U99: =VLOOKUP('IMPO TERR'!T99,'Matriz datos'!$J$2:$K$10,2,0) -> AV. PDTE. EDUARDO FREI 8301, QUILICURA | V99: DARLOU FERNANDES BATISTA | W99: CPF: 0209.783.370-79 | X99: 46098 | Y99: PENDIENTE | Z99: 46094 | AA99: 4090180405 | AC99: PENDIENTE | AD99: PENDIENTE | AF99: 25090000
A100: SO/6397-11 | B100: 180407 | C100: LIBERADO | D100: EMITIDA | E100: 46092 | K100: CONGELADA | L100: Brasil | M100: TERRESTRE | N100: Los Andes | O100: BR560601898 | P100: 41498 | Q100: KAIPPER CONT | R100: SXS9E90 | S100: TPY9C58 | T100: CIAL | U100: =VLOOKUP('IMPO TERR'!T100,'Matriz datos'!$J$2:$K$10,2,0) -> CAMINO SANTA MARTA 2101, MAIPU | V100: SILVONEI DOS SANTOS GONCALVES | W100: CPF: 420.952.120-53 | X100: 46097 | Y100: 46097 | Z100: 46093 | AA100: 4090180407 | AB100: 46097 | AC100: 46097 | AD100: 46098 | AE100: 141621 | AF100: 16090000
...

Sheet IMPO MAR
A1: Referencia de cliente. | B1: Número de despacho. | C1: ESTADO DE LA CARGA | D1: ETA | E1: INSTRUCCIÓN de DESCARGA | F1: Observaciones | G1: Confirmación de recepción de documentación (fecha correo) | H1: Indicación de si los documentos se encuentran OK o con observaciones. | I1: Fecha en que se solicitó modificación. | J1: Fecha en que se notificó. | K1: Fecha en que se recibieron correcciones. | L1: Fecha de nueva presentación, si corresponde. | M1: TIPO CARGA | N1: Origen de la carga. | O1: Tipo operacion | P1: PASO ADUANERO | Q1: factura comercial | R1: NAVE | S1: BL | T1: ALMACEN | U1: N° CONTENEDOR | V1: EMPRESA TRANSPORTE NACIONAL (BODEGA) | W1: PRONTO DESPACHO (FECHA SOLICITADO) | X1: CLIENTE FINAL | Y1: Dirección de descarga. DESTINO GD | Z1: Nombre chofer | AA1: N° IDENTIFICACION CHOFER | AB1: CDA SEREMI | AC1: Resolucion Sanitaria UYD | AD1: SAG | AE1: IIPA | AF1: Fecha de aceptacion DIN | AG1: DIN | AH1: COMPROBANTE PAGO TGR | AI1: Fecha de ingreso ALMACENISTA | AJ1: Fecha de presentación de documentos.(VISACIÓN) | AK1: Fecha de liberación - DESPACHADO | AL1: SELLO AGA | AM1: FACTURA AGENCIA | AN1: VALOR REMESA | AO1: T/C DOLAR legalizacion | AP1: T/C liberacion carga
A2: B/79127-2 | B2: 179630 | C2: LIBERADO | D2: 46087 | E2: 46093 | G2: 46072 | H2: ok | I2: ok | J2: - | K2: - | L2: - | M2: DRY | N2: Brasil | O2: MARITIMA | P2: San Antonio | Q2: B/79127-2 | R2: DUSSELDORF EXPRESS | S2: 721293763 | T2: CONTOPSA | U2: MRSU6552560 | V2: TAVI | W2: NO APLICA | X2: San Francisco del Mostazal 12.3 | Y2: San Francisco del Mostazal 12.3 | Z2: Cristian Alcaino | AA2: 13340077-K | AD2: 0520260011511CDA | AF2: 46091 | AG2: 4090179630 | AH2: 46091 | AI2: 46092 | AJ2: 46093 | AK2: 46093 | AN2: 5240000
A3: COL/7556-2 | B3: 180128 | C3: EN ALMACEN | D3: 46093 | E3: PENDIENTE | G3: 46086 | H3: ok | I3: ok | J3: - | K3: - | L3: - | M3: ENFRIADA | N3: Colombia | O3: MARITIMA | P3: Valparaiso | Q3: ME-10756 | R3: MATTHEW SCHULTE | S3: BGA0513090 | T3: ZEAL | U3: SZLU5103010 | V3: VALPOTRANS | W3: NO APLICA | X3: CENCOSUD | Y3: SAN PABLO 11011, Pudahuel (cliente cencosud) | AB3: 2605110975 | AD3: 0520260013509CDA | AF3: 46094 | AG3: 4090180128 | AH3: 46094 | AN3: 29000000
A4: B/79127-3 | B4: 180082 | C4: LIBERADO | D4: 46087 | E4: 46093 | G4: 46080 | H4: ok | I4: ok | J4: - | K4: - | L4: - | M4: DRY | N4: Brasil | O4: MARITIMA | P4: San Antonio | Q4: B/79127-3 | R4: DUSSELDORF EXPRESS | S4: 721315569 | T4: CONTOPSA | U4: BSIU8108703 | V4: TAVI | W4: NO APLICA | X4: San Francisco de Mostazal 19.3 | Y4: San Francisco de Mostazal 19.3 | Z4: Héctor Vilchez | AA4: 19069744-4 | AD4: 0520260012370CDA | AF4: 46090 | AG4: 4090180082 | AH4: 46091 | AI4: 46092 | AJ4: 46093 | AK4: 46093 | AN4: 5320000
A5: B/79127-4 | B5: 180352 | C5: EN TRANSITO | D5: 46109 | G5: 46091 | H5: lista de empaque | I5: 46094 | M5: DRY | N5: Brasil | O5: MARITIMA | P5: San Antonio | Q5: B/79127-4 | R5: MAERSK ACADIA | S5: 721336816 | T5: CONTOPSA | U5: MRKU5133782 | V5: TAVI | W5: NO APLICA | AG5: 4090180352
A6: B/79127-5 | B6: 180485 | C6: EN TRANSITO | D6: 46109 | G6: 46094 | M6: DRY | N6: Brasil | O6: MARITIMA | P6: San Antonio | Q6: B/79127-5 | R6: MAERSK ACADIA | S6: 721336818 | T6: CONTOPSA | U6: CAAU9115910 | V6: TAVI | W6: NO APLICA
A7: B/79127-6 | B7: 180487 | C7: EN TRANSITO | D7: 46109 | G7: 46094 | M7: DRY | N7: Brasil | O7: MARITIMA | P7: San Antonio | Q7: B/79127-6 | R7: MAERSK ACADIA | S7: 721359011 | T7: CONTOPSA | U7: MRKU5345333 | V7: TAVI | W7: NO APLICA
A8: B/79127-7 | B8: 180488 | C8: EN TRANSITO | D8: 46109 | G8: 46094 | M8: DRY | N8: Brasil | O8: MARITIMA | P8: San Antonio | Q8: B/79127-7 | R8: MAERSK ACADIA | S8: 721359010 | T8: CONTOPSA | U8: SUDU8788114 | V8: TAVI | W8: NO APLICA
B90: 179630 (MARITIMA) | C90: EN ALMACEN | E90: PENDIENTE | N90: Brasil | O90: MARITIMA | P90: San Antonio | Q90: B/79127-2 | S90: 721293763
B91: 180128 (MARITIMA) | C91: EN TRANSITO | E91: PENDIENTE | N91: Colombia | O91: MARITIMA | P91: San Antonio | Q91: ME-10756 | S91: BGA0513090
B92: 180082 (MARITIMA) | C92: EN ALMACEN | E92: PENDIENTE | N92: Brasil | O92: MARITIMA | P92: San Antonio | Q92: B/79127-3 | S92: 721315569
B93: 180352 (MARITIMA) | C93: EN TRANSITO | E93: PENDIENTE | N93: Brasil | O93: MARITIMA | P93: San Antonio | Q93: B/79127-4 | S93: 721336816
E125: PENDIENTE
E126: PENDIENTE
E127: PENDIENTE
E128: PENDIENTE
E129: PENDIENTE
E130: PENDIENTE
E131: PENDIENTE
E132: PENDIENTE
E133: PENDIENTE
E134: PENDIENTE
E135: PENDIENTE
E136: PENDIENTE
... E143: PENDIENTE

Sheet IMPO AEREA
A1: Referencia de cliente. | B1: Número de despacho. | C1: ESTADO DE LA CARGA | D1: Confirmación de recepción de documentación (fecha correo) | E1: Indicación de si los documentos se encuentran OK o con observaciones. | F1: Fecha en que se solicitó modificación. | G1: Fecha en que se notificó. | H1: Fecha en que se recibieron correcciones. | I1: Fecha de nueva presentación, si corresponde. | J1: TIPO CARGA | K1: Origen de la carga. | L1: Tipo operacion | M1: Paso aduanero | N1: factura comercial | O1: AWL / GUIA AEREA | P1: ALMACEN | Q1: EMISOR GUIA AEREA | R1: EMPRESA TRANSPORTE NACIONAL (BODEGA) | S1: CLIENTE FINAL | T1: Dirección de descarga. DESTINO GD | U1: Nombre chofer | V1: N° IDENTIFICACION CHOFER | W1: CDA SEREMI | X1: Resolucion Sanitaria UYD | Y1: SAG | Z1: IIPA | AA1: Fecha de aceptacion DIN | AB1: DIN | AC1: COMPROBANTE PAGO TGR | AD1: Fecha de ingreso ALMACENISTA | AE1: Fecha de presentación de documentos.(VISACIÓN) | AF1: Fecha de liberación - DESPACHADO | AG1: SELLO AGA | AH1: FACTURA AGENCIA | AI1: VALOR REMESA | AJ1: T/C DOLAR legalizacion | AK1: T/C liberacion carga
A2: S-79335 | B2: 180447 | C2: PENDIENTE | D2: 46093 | J2: CONGELADA | K2: Brasil | L2: AEREO | M2: METROPOLITANA | O2: 54943191131 | Q2: ABSA AEROLINHAS BRASILEIRAS | W2: 2613127706 | X2: PEND | Y2: 1320260001388CDA | AA2: PEND | AB2: 4090180447
A3: S-79335A | B3: 180447 | C3: PENDIENTE | D3: 46093 | J3: CONGELADA | K3: Brasil | L3: AEREO | M3: METROPOLITANA | O3: 54943191131 | Q3: ABSA AEROLINHAS BRASILEIRAS | W3: 2613127706 | X3: PEND | Y3: 1320260001388CDA | AA3: PEND | AB3: 4090180447

Sheet CERTIFICACIONES
A1: REF. CLIENTE | B1: DESPACHO | C1: FECHA PRESENTACION | D1: TIPO TRAMITE | E1: ENTIDAD | F1: DOCUMENTO | G1: ADUANA | H1: ESTADO | I1: OBSERVACIONES
A2: O/87250-6 | B2: 179930 | D2: CDA | E2: SEREMI | F2: 2605113227 | G2: LOS ANDES
A3: O/87250-6 | B3: 179930 | D3: UYD | E3: SEREMI | F3: 2605114532 | G3: LOS ANDES
A4: O/87250-6 | B4: 179930 | D4: CDA | E4: SAG | F4: 0520260012446CDA | G4: LOS ANDES
A5: O/87250-6 | B5: 179930 | D5: IIPA | E5: SAG | F5: 0520260018764IIPA | G5: LOS ANDES
A6: CN 6526-1 | B6: 179947 | D6: CDA | E6: SEREMI | F6: 2605101385 | G6: LOS ANDES
A7: CN 6526-1 | B7: 179947 | D7: UYD | E7: SEREMI | F7: 2605109992 | G7: LOS ANDES
A8: CN 6526-1 | B8: 179947 | D8: CDA | E8: SAG | F8: 0520260011071CDA | G8: LOS ANDES
A9: SO/6370-22 | B9: 179972 | D9: CDA | E9: SEREMI | F9: 2605106362 | G9: LOS ANDES
A10: SO/6370-22 | B10: 179972 | D10: UYD | E10: SEREMI | F10: 2605107634 | G10: LOS ANDES
A11: SO/6370-22 | B11: 179972 | D11: CDA | E11: SAG | F11: 0520260011763CDA | G11: LOS ANDES
A12: SO/6370-23 | B12: 180001 | D12: CDA | E12: SEREMI | F12: 260595504 | G12: LOS ANDES
A13: SO/6370-23 | B13: 180001 | D13: UYD | E13: SEREMI | F13: 260597318 | G13: LOS ANDES
A14: SO/6370-23 | B14: 180001 | D14: CDA | E14: SAG | F14: 0520260010619CDA | G14: LOS ANDES
A15: SO/6370-26 | B15: 180023 | D15: CDA | E15: SEREMI | F15: 260598254 | G15: LOS ANDES
A16: SO/6370-26 | B16: 180023 | D16: UYD | E16: SEREMI | F16: 260599583 | G16: LOS ANDES
A17: SO/6370-26 | B17: 180023 | D17: CDA | E17: SAG | F17: 0520260010919CDA | G17: LOS ANDES
A18: CN 25221 | B18: 180040 | D18: CDA | E18: SEREMI | F18: 2605101685 | G18: LOS ANDES
A19: CN 25221 | B19: 180040 | D19: UYD | E19: SEREMI | F19: 2605107573 | G19: LOS ANDES
A20: CN 25221 | B20: 180040 | D20: CDA | E20: SAG | F20: 0520260011333CDA | G20: LOS ANDES
A21: SO/6360-28 | B21: 180056 | D21: CDA | E21: SEREMI | F21: 2605101914 | G21: LOS ANDES
A22: SO/6360-28 | B22: 180056 | D22: UYD | E22: SEREMI | F22: 2605102768 | G22: LOS ANDES
A23: SO/6360-28 | B23: 180056 | D23: CDA | E23: SAG | F23: 0520260011336CDA | G23: LOS ANDES
A24: SO/6360-25 | B24: 180057 | D24: CDA | E24: SEREMI | F24: 2605100691 | G24: LOS ANDES
A25: SO/6360-25 | B25: 180057 | D25: UYD | E25: SEREMI | F25: 2605101997 | G25: LOS ANDES
A26: SO/6360-25 | B26: 180057 | D26: CDA | E26: SAG | F26: 0520260011220CDA | G26: LOS ANDES
A27: SO/6356-4 | B27: 180059 | D27: CDA | E27: SEREMI | F27: 2605101437 | G27: LOS ANDES
A28: SO/6356-4 | B28: 180059 | D28: UYD | E28: SEREMI | F28: 2605101999 | G28: LOS ANDES
A29: SO/6356-4 | B29: 180059 | D29: CDA | E29: SAG | F29: 0520260011285CDA | G29: LOS ANDES
A30: O/87304-3 | B30: 180066 | D30: CDA | E30: SEREMI | F30: 2605106858 | G30: LOS ANDES
A31: O/87304-3 | B31: 180066 | D31: UYD | E31: SEREMI | F31: 2605107743 | G31: LOS ANDES
A32: O/87304-3 | B32: 180066 | D32: CDA | E32: SAG | F32: 0520260011841CDA | G32: LOS ANDES
A33: SO/6356-5 | B33: 180067 | D33: CDA | E33: SEREMI | F33: 2605100503 | G33: LOS ANDES
A34: SO/6356-5 | B34: 180067 | D34: UYD | E34: SEREMI | F34: 2605102001 | G34: LOS ANDES
A35: SO/6356-5 | B35: 180067 | D35: CDA | E35: SAG | F35: 0520260011208CDA | G35: LOS ANDES
A36: CN 6357-10 | B36: 180070 | D36: CDA | E36: SEREMI | F36: 2605106749 | G36: LOS ANDES
A37: CN 6357-10 | B37: 180070 | D37: UYD | E37: SEREMI | F37: 2605107710 | G37: LOS ANDES
A38: CN 6357-10 | B38: 180070 | D38: CDA | E38: SAG | F38: 0520260011782CDA | G38: LOS ANDES
A39: CN 6358-10 | B39: 180072 | D39: CDA | E39: SEREMI | F39: 2605104506 | G39: LOS ANDES
A40: CN 6358-10 | B40: 180072 | D40: UYD | E40: SEREMI | F40: 2605105058 | G40: LOS ANDES
A41: CN 6358-10 | B41: 180072 | D41: CDA | E41: SAG | F41: 0520260011535CDA | G41: LOS ANDES
A42: CN 6359-8 | B42: 180073 | D42: CDA | E42: SEREMI | F42: 2605103079 | G42: LOS ANDES
A43: CN 6359-8 | B43: 180073 | D43: UYD | E43: SEREMI | F43: 2605105078 | G43: LOS ANDES
A44: CN 6359-8 | B44: 180073 | D44: CDA | E44: SAG | F44: 0520260011407CDA | G44: LOS ANDES
A45: SO/6354-43 | B45: 180074 | D45: CDA | E45: SEREMI | F45: 2605103668 | G45: LOS ANDES
A46: SO/6354-43 | B46: 180074 | D46: UYD | E46: SEREMI | F46: 2605105134 | G46: LOS ANDES
A47: SO/6354-43 | B47: 180074 | D47: CDA | E47: SAG | F47: 0520260011476CDA | G47: LOS ANDES
A48: SO/6354-37 | B48: 180075 | D48: CDA | E48: SEREMI | F48: 2605102035 | G48: LOS ANDES
A49: SO/6354-37 | B49: 180075 | D49: UYD | E49: SEREMI | F49: 2605102626 | G49: LOS ANDES
A50: SO/6354-37 | B50: 180075 | D50: CDA | E50: SAG | F50: 0520260011359CDA | G50: LOS ANDES
A51: CN 25320-6 | B51: 180109 | D51: CDA | E51: SEREMI | F51: 2605103273 | G51: LOS ANDES
A52: CN 25320-6 | B52: 180109 | D52: UYD | E52: SEREMI | F52: 2605104792 | G52: LOS ANDES
A53: CN 25320-6 | B53: 180109 | D53: CDA | E53: SAG | F53: 0520260011416CDA | G53: LOS ANDES
A54: SO/6354-41 | B54: 180110 | D54: CDA | E54: SEREMI | F54: 2605107269 | G54: LOS ANDES
A55: SO/6354-41 | B55: 180110 | D55: UYD | E55: SEREMI | F55: 2605110378 | G55: LOS ANDES
A56: SO/6354-41 | B56: 180110 | D56: CDA | E56: SAG | F56: 0520260011864CDA | G56: LOS ANDES
A57: O/87315-2 | B57: 180112 | D57: CDA | E57: SEREMI | F57: 2605107217 | G57: LOS ANDES
A58: O/87315-2 | B58: 180112 | D58: UYD | E58: SEREMI | F58: 2605110317 | G58: LOS ANDES
A59: O/87315-2 | B59: 180112 | D59: CDA | E59: SAG | F59: 0520260011897CDA | G59: LOS ANDES
A60: O/87568 | B60: 180114 | D60: CDA | E60: SEREMI | F60: 2605107322 | G60: LOS ANDES
A61: O/87568 | B61: 180114 | D61: UYD | E61: SEREMI | F61: 2605110277 | G61: LOS ANDES
A62: O/87568 | B62: 180114 | D62: CDA | E62: SAG | F62: 0520260011917CDA | G62: LOS ANDES
A63: CN 6360-30 | B63: 180115 | D63: CDA | E63: SEREMI | F63: 2605103977 | G63: LOS ANDES
A64: CN 6360-30 | B64: 180115 | D64: UYD | E64: SEREMI | F64: 2605104765 | G64: LOS ANDES
A65: CN 6360-30 | B65: 180115 | D65: CDA | E65: SAG | F65: 0520260011516CDA | G65: LOS ANDES
A66: SO/6397-2P | B66: 180133 | D66: CDA | E66: SEREMI | F66: 2605108712 | G66: LOS ANDES
A67: SO/6397-2P | B67: 180133 | D67: UYD | E67: SEREMI | F67: 2605110144 | G67: LOS ANDES
A68: SO/6397-2P | B68: 180133 | D68: CDA | E68: SAG | F68: 0520260011946CDA | G68: LOS ANDES
A69: SO/6456-3 | B69: 180136 | D69: CDA | E69: SEREMI | F69: 2605109923 | G69: LOS ANDES
A70: SO/6456-3 | B70: 180136 | D70: UYD | E70: SEREMI | F70: 2605112548 | G70: LOS ANDES
A71: SO/6456-3 | B71: 180136 | D71: CDA | E71: SAG | F71: 0520260012067CDA | G71: LOS ANDES
A72: SO/6354-39 | B72: 180137 | D72: CDA | E72: SEREMI | F72: 2605106196 | G72: LOS ANDES
A73: SO/6354-39 | B73: 180137 | D73: UYD | E73: SEREMI | F73: 2605107984 | G73: LOS ANDES
A74: SO/6354-39 | B74: 180137 | D74: CDA | E74: SAG | F74: 0520260011881CDA | G74: LOS ANDES
A75: SO/6370-27 | B75: 180139 | D75: CDA | E75: SEREMI | F75: 2605109152 | G75: LOS ANDES
A76: SO/6370-27 | B76: 180139 | D76: UYD | E76: SEREMI | F76: 2605110090 | G76: LOS ANDES
A77: SO/6370-27 | B77: 180139 | D77: CDA | E77: SAG | F77: 0520260012044CDA | G77: LOS ANDES
A78: SO/6354-42 | B78: 180145 | D78: CDA | E78: SEREMI | F78: 2605109255 | G78: LOS ANDES
A79: SO/6354-42 | B79: 180145 | D79: UYD | E79: SEREMI | F79: 2605110037 | G79: LOS ANDES
A80: SO/6354-42 | B80: 180145 | D80: CDA | E80: SAG | F80: 0520260012066CDA | G80: LOS ANDES
A81: SO/6331-15 | B81: 180146 | D81: CDA | E81: SEREMI | F81: 2605109265 | G81: LOS ANDES
A82: SO/6331-15 | B82: 180146 | D82: UYD | E82: SEREMI | F82: 2605110562 | G82: LOS ANDES
A83: SO/6331-15 | B83: 180146 | D83: CDA | E83: SAG | F83: 0520260012059CDA | G83: LOS ANDES
A84: SO/6330-11 | B84: 180147 | D84: CDA | E84: SEREMI | F84: 2605105649 | G84: LOS ANDES
A85: SO/6330-11 | B85: 180147 | D85: UYD | E85: SEREMI | F85: 2605107389 | G85: LOS ANDES
A86: SO/6330-11 | B86: 180147 | D86: CDA | E86: SAG | F86: 0520260011708CDA | G86: LOS ANDES
A87: SO/6354-38 | B87: 180152 | D87: CDA | E87: SEREMI | F87: 2605109941 | G87: LOS ANDES
A88: SO/6354-38 | B88: 180152 | D88: UYD | E88: SEREMI | F88: 2605112533 | G88: LOS ANDES
A89: SO/6354-38 | B89: 180152 | D89: CDA | E89: SAG | F89: 0520260012068CDA | G89: LOS ANDES
A90: O/87772-1 | B90: 180153 | D90: CDA | E90: SEREMI | F90: 2605105906 | G90: LOS ANDES
A91: O/87772-1 | B91: 180153 | D91: UYD | E91: SEREMI | F91: 2605107383 | G91: LOS ANDES
A92: O/87772-1 | B92: 180153 | D92: CDA | E92: SAG | F92: 0520260011858CDA | G92: LOS ANDES
A93: O/87772-2 | B93: 180154 | D93: CDA | E93: SEREMI | F93: 2605109424 | G93: LOS ANDES
A94: O/87772-2 | B94: 180154 | D94: UYD | E94: SEREMI | F94: 2605110377 | G94: LOS ANDES
A95: O/87772-2 | B95: 180154 | D95: CDA | E95: SAG | F95: 0520260012143CDA | G95: LOS ANDES
A96: SO/6360-31 | B96: 180178 | D96: CDA | E96: SEREMI | F96: 2605111544 | G96: LOS ANDES
A97: SO/6360-31 | B97: 180178 | D97: UYD | E97: SEREMI | F97: 2605112433 | G97: LOS ANDES
A98: SO/6360-31 | B98: 180178 | D98: CDA | E98: SAG | F98: 0520260012308CDA | G98: LOS ANDES
A99: SO/6354-45 | B99: 180180 | D99: CDA | E99: SEREMI | F99: 2605108064 | G99: LOS ANDES
A100: SO/6354-45 | B100: 180180 | D100: UYD | E100: SEREMI | F100: 2605109863 | G100: LOS ANDES
...

Sheet Matriz datos
A1: ESTADO DE OPERACION | B1: CARGA | C1: TIPO CARGA | D1: TIPO OPERACION | E1: TIPO TRAMITE | G1: INSRUCCION DESCARGA | I1: OBSERVACION DOCUMENTAL | J1: cliente | K1: direccion
A2: EN CURSO | B2: EN TRANSITO | C2: CONGELADA | D2: AEREA | E2: CDA | F2: carga en viaje a puerto | G2: PENDIENTE | H2: PRESENTACIÓN SAG OBJETADA | I2: CORREGIR documentos | J2: ALMAFRIGO | K2: AV. GALVARINO 8601 BGA. 11, QUILICURA
A3: FINALIZADA | B3: ARRIBADA EN PUERTO | C3: ENFRIADA | D3: TERRESTRE | E3: UYD | F3: carga ingresa a puerto | G3: GUIA DESPACHO EMITIDA | H3: PRESENTACIÓN SEREMI OBJETADA | I3: Documentos pendientes | J3: CIAL | K3: CAMINO SANTA MARTA 2101, MAIPU
A4: URGENTE | B4: EN ALMACEN | C4: SECA - DRY | D4: MARITIMA | E4: IIPA | F4: boleta emitida/ carga ingresa a Ext Contopsa | H4: PRESENTACION SAG - SEREMI OBJETADA | I4: Documentos OK | J4: WALMART | K4: AV. PDTE. EDUARDO FREI 8301, QUILICURA
B5: DESPACHADO | F5: espera instrucciones descarga | J5: ICESTAR | K5: AV. AMERICO VESPUCIO 0350, QUILICURA
B6: LIBERADO | J6: RAMIREZ | K6: AV. EL PARRON 345, LA CISTERNA
J7: TOTTUS | K7: AV. AMERICO VESPUCIO 0350, QUILICURA
J8: RENDIC | K8: CAMINO LO AGUIRRE SUR 537, PUDAHUEL
J9: KARMAC | K9: CORDILLERA 451, QUILICURA
J10: FRIGOZETA | K10: 6 ORIENTE 152-D CALETERA ORIENTE ALTURA KM 39, PAINE
