Workbook
Name CARGA: 'Matriz datos'!$B$2:$B$9
Name cliente: 'Matriz datos'!$J$2:$J$11
Name INSTRUCCIONES: 'Matriz datos'!$G$2:$G$3
Name TIPO_CARGA: 'Matriz datos'!$C$2:$C$4
Name TIPO_OPERACION: 'Matriz datos'!$D$2:$D$4
Name TIPO_TRAMITE: 'Matriz datos'!$E$2:$E$4

Sheet IMPO TERR
A1: Referencia cliente. | B1: Número de despacho. | C1: ESTADO DE LA CARGA | D1: INSTRUCCIÓN de DESCARGA | E1: Recepción de documentación (FECHA) | F1: CONDICION DOCUMENTAL | G1: Observaciones | H1: Fecha: MODIFICACION SOLICITADA | I1: CORRECCIONES RECEPCIONADAS | J1: FACTURA COMERCIAL | K1: TIPO CARGA | L1: Origen de la carga. | M1: Tipo operacion | N1: Paso aduanero (cuando corresponda). | O1: CONOCIMIENTO EMBARQUE / CRT | P1: MIC | Q1: EMPRESA DE TRANSPORTE | R1: Patente del camión (TRACTO) | S1: Patente del camión (REMOLQUE) | T1: CLIENTE FINAL | U1: Dirección de descarga. DESTINO GD | V1: Nombre chofer | W1: N° IDENTIFICACION | X1: CDA SAG | Y1: IIPA | Z1: CDA SEREMI | AA1: UYD SEREMI | AB1: Fecha de ingreso ALMACENISTA | AC1: FECHA PAPELETA INGRESO | AD1: Fecha de aceptacion DIN | AE1: DIN | AF1: COMPROBANTE PAGO TGR | AG1: Fecha de presentación de documentos.( DESPACHO) | AH1: Fecha de liberación.( SALIDA DE ALMACEN) | AI1: SELLO AGA | AJ1: REMESA | AK1: T/C DOLAR legalizacion | AL1: T/C liberacion carga
A2: O/87250-6 | B2: 179930 | C2: LIBERADO | D2: EMITIDA | E2: 46076 | F2: ok | G2: Solo envio de doctos draft | H2: 46078 | I2: 05/03/2026 09:35 hrs | K2: ENFRIADA | L2: Brasil | M2: TERRESTRE | N2: Los Andes | O2: BR547044923 | P2: 33737 | Q2: MARVEL | R2: SWY2C62 | S2: RYP8I48 | T2: ALMAFRIGO | U2: =VLOOKUP('IMPO TERR'!T2,'Matriz datos'!$J$2:$K$10,2,0) -> AV. GALVARINO 8601 BGA. 11, QUILICURA | V2: FABRICIO ESTEVAO DA CRUZ | W2: CPF: 445.947.978-81 | X2: 0520260012446CDA | Y2: 0520260018764IIPA | Z2: 2605113227 | AA2: 2605114532 | AB2: 46083.86 | AC2: 46084 | AD2: 46087 | AE2: 4090179930 | AF2: 46087.726 | AG2: 46090.479 | AH2: 46090.56 | AJ2: 25010000 | AK2: 0 | AL2: 0
A3: CN 6526-1 | B3: 179947 | C3: LIBERADO | D3: PENDIENTE | E3: 46076 | G3: En espera de resolucion de bodega (minerva) | K3: CONGELADA | L3: Paraguay | M3: TERRESTRE | N3: Los Andes | O3: PY23TMA1134 | P3: 32028 | Q3: TRANSMA | R3: AALJ416 | S3: AALJ421 | T3: CIAL | U3: =VLOOKUP('IMPO TERR'!T3,'Matriz datos'!$J$2:$K$10,2,0) -> CAMINO SANTA MARTA 2101, MAIPU | V3: JUAN PABLO MORINIGO | W3: CI: 3564133 | X3: 0520260011071CDA | Y3: 0520260017940IIPA | Z3: 2605101385 | AA3: 2605109992 | AB3: 46080.908 | AC3: 46081 | AD3: 46085 | AE3: 4090179947 | AF3: 46085.553 | AG3: 46086.655 | AH3: 46093 | AJ3: 6500000 | AK3: 857.58
A4: SO/6370-22 | B4: 179972 | C4: LIBERADO | D4: PENDIENTE | E4: 46077 | F4: DOCS ORIGINALES PENDIENTES | G4: DOCS ORIGINALES PENDIENTES | K4: ENFRIADA | L4: Brasil | M4: TERRESTRE | N4: Los Andes | O4: BR547044933 | P4: 32413 | Q4: MARVEL | R4: RXM4D24 | S4: RLL3F14 | T4: WALMART | U4: =VLOOKUP('IMPO TERR'!T4,'Matriz datos'!$J$2:$K$10,2,0) -> AV. PDTE. EDUARDO FREI 8301, QUILICURA | V4: MARCOS ANTONIO DO CARMO | W4: CPF: 068.976.759-54 | X4: 0520260011763CDA | Y4: 0520260017950IIPA | Z4: 2605106362 | AA4: 2605107634 | AB4: 46082.479 | AC4: 46083 | AD4: 46085 | AE4: 4090179972 | AF4: 46085.653 | AG4: 46085.753 | AH4: 46085.833 | AJ4: 25950000 | AK4: 857.58
A5: SO/6370-23 | B5: 180001 | C5: LIBERADO | D5: PENDIENTE | E5: 46077 | K5: ENFRIADA | L5: Brasil | M5: TERRESTRE | N5: Los Andes | O5: BR547044931 | Q5: MARVEL | R5: RXY9C34 | S5: RXW9H24 | T5: WALMART | U5: =VLOOKUP('IMPO TERR'!T5,'Matriz datos'!$J$2:$K$10,2,0) -> AV. PDTE. EDUARDO FREI 8301, QUILICURA | V5: IVAN DOS SANTOS | W5: CPF: 096.316.418-05 | X5: 0520260010619CDA | Y5: 0520260018425IIPA | Z5: 260595504 | AA5: 260597318 | AB5: 46086.792 | AC5: 46087 | AD5: 46079 | AE5: 4090180001 | AF5: 46087 | AG5: 46087.775 | AH5: 46087.826 | AJ5: 26010000 | AK5: 857.95
A6: SO/6370-26 | B6: 180023 | C6: LIBERADO | D6: PENDIENTE | E6: 46078 | K6: ENFRIADA | L6: Brasil | M6: TERRESTRE | N6: Los Andes | O6: BR547044941 | P6: 34269 | Q6: MARVEL | R6: QJG8563 | S6: SXW7I81 | T6: WALMART | U6: =VLOOKUP('IMPO TERR'!T6,'Matriz datos'!$J$2:$K$10,2,0) -> AV. PDTE. EDUARDO FREI 8301, QUILICURA | V6: WESLEM DO NASCIMENTO | W6: CPF: 042.438.270-95 | X6: 0520260010919CDA | Y6: 0520260017584IIPA | Z6: 260598254 | AA6: 260599583 | AB6: 46084.791 | AC6: 46085 | AD6: 46080 | AE6: 4090180023 | AF6: 46085 | AG6: 46084.791 | AH6: 46085.734 | AJ6: 25520000 | AK6: 857.95
A7: CN 25221 | B7: 180040 | C7: LIBERADO | D7: PENDIENTE | E7: 46078 | K7: ENFRIADA | L7: Paraguay | M7: TERRESTRE | N7: Los Andes | O7: 2026PYSANJOSE044 | Q7: SAN JOSE | R7: TISJ001 | S7: TISJ004 | T7: ICESTAR | U7: =VLOOKUP('IMPO TERR'!T7,'Matriz datos'!$J$2:$K$10,2,0) -> AV. AMERICO VESPUCIO 0350, QUILICURA | V7: HUGO ARIEL MORINIGO | W7: CI: 5.497.180 | X7: 0520260011333CDA | Y7: 0520260017640IIPA | Z7: 2605101685 | AA7: 2605107573 | AB7: 46082.751 | AC7: 46083 | AD7: 46084 | AE7: 4090180040 | AF7: 46084 | AG7: 46085.669 | AH7: 46087.305 | AJ7: 28670000 | AK7: 857.58
A8: SO/6360-28 | B8: 180056 | C8: LIBERADO | D8: PENDIENTE | E8: 46079 | K8: ENFRIADA | L8: Brasil | M8: TERRESTRE | N8: Los Andes | O8: BR547044939 | Q8: MARVEL | R8: RXQ0G36 | S8: RYK0I89 | T8: WALMART | U8: =VLOOKUP('IMPO TERR'!T8,'Matriz datos'!$J$2:$K$10,2,0) -> AV. PDTE. EDUARDO FREI 8301, QUILICURA | V8: EEDISON JORGE NUNES | W8: CPF: 035.606.250-33 | X8: 0520260011336CDA | Y8: 0520260018429IIPA | Z8: 2605101914 | AA8: 2605102768 | AB8: 46086.866 | AC8: 46087 | AD8: 46083 | AE8: 4090180056 | AF8: 46087 | AG8: 46087.779 | AH8: 46087.824 | AJ8: 25880000 | AK8: 857.58
A9: SO/6360-25 | B9: 180057 | C9: LIBERADO | D9: PENDIENTE | E9: 46079 | F9: C.O. ERROR | G9: C.O. ERROR | K9: ENFRIADA | L9: Brasil | M9: TERRESTRE | N9: Los Andes | O9: BR547044872 | P9: 32539 | Q9: MARVEL | R9: TDX0H19 | S9: SXM2B63 | T9: WALMART | U9: =VLOOKUP('IMPO TERR'!T9,'Matriz datos'!$J$2:$K$10,2,0) -> AV. PDTE. EDUARDO FREI 8301, QUILICURA | V9: ANDRE LUIZ DE AQUINO SOARES | W9: CPF: 932.708.872-72 | X9: 0520260011220CDA | Y9: 0520260017649IIPA | Z9: 2605100691 | AA9: 2605101997 | AB9: 46082.639 | AC9: 46083 | AD9: 46084 | AE9: 4090180057 | AF9: 46084 | AG9: 46085.596 | AH9: 46085.68 | AJ9: 25770000 | AK9: 857.58
A10: SO/6356-4 | B10: 180059 | C10: LIBERADO | D10: PENDIENTE | E10: 46079 | K10: CONGELADA | L10: Brasil | M10: TERRESTRE | N10: Los Andes | O10: BR453909363 | Q10: BRILHANTE | R10: RHG9B61 | S10: RLA8I71 | T10: WALMART | U10: =VLOOKUP('IMPO TERR'!T10,'Matriz datos'!$J$2:$K$10,2,0) -> AV. PDTE. EDUARDO FREI 8301, QUILICURA | V10: LUCAS PAULO MAIA QUEIROZ DA SILVA | W10: CPF: 903.000.332-4 | X10: 0520260011285CDA | Y10: 0520260018513IIPA | Z10: 2605101437 | AA10: 2605101999 | AB10: 46087.03 | AC10: 46087 | AD10: 46083 | AE10: 4090180059 | AF10: 46087 | AG10: 46088.481 | AH10: 46088.604 | AJ10: 25720000 | AK10: 857.58
A11: O/87304-3 | B11: 180066 | C11: LIBERADO | D11: EMITIDA | E11: 46079 | K11: ENFRIADA | L11: Brasil | M11: TERRESTRE | N11: Los Andes | O11: BR261615121 | Q11: BELMAT | R11: GHG7D55 | S11: RLB4D02 | T11: ICESTAR | U11: =VLOOKUP('IMPO TERR'!T11,'Matriz datos'!$J$2:$K$10,2,0) -> AV. AMERICO VESPUCIO 0350, QUILICURA | V11: MARCELO DINIZ | W11: 195216179 | X11: 0520260011841CDA | Y11: 0520260019347IIPA | Z11: 2605106858 | AA11: 2605107743 | AB11: 46089.87 | AC11: 46090 | AD11: 46085 | AE11: 4090180066 | AF11: 46090 | AG11: 46091 | AH11: 46092 | AI11: 141542 | AJ11: 25180000 | AK11: 857.58
A12: SO/6356-5 | B12: 180067 | C12: LIBERADO | D12: EMITIDA | E12: 46079 | F12: C.O. ERROR | G12: C.O. ERROR | K12: CONGELADA | L12: Brasil | M12: TERRESTRE | N12: Los Andes | O12: BR168811718 | R12: RLB6G92 | S12: MFV6036 | T12: WALMART | U12: =VLOOKUP('IMPO TERR'!T12,'Matriz datos'!$J$2:$K$10,2,0) -> AV. PDTE. EDUARDO FREI 8301, QUILICURA | V12: HENRIQUE CORREIA | W12: CPF: 225.355.138-46 | X12: 0520260011208CDA | Y12: 0520260018794IIPA | Z12: 2605100503 | AA12: 2605102001 | AB12: 46089.755 | AC12: 09-03-2026 | AD12: 46083 | AE12: 4090180067 | AF12: 46090 | AG12: 46090.659 | AH12: 46090 | AI12: 141496 | AJ12: 24360000 | AK12: 857.58
A13: CN 6357-10 | B13: 180070 | C13: LIBERADO | D13: PENDIENTE | E13: 46079 | K13: ENFRIADA | L13: Paraguay | M13: TERRESTRE | N13: Los Andes | O13: 2026PYSANJOSE049 | Q13: SAN JOSE | R13: LJWL11 | S13: KDHS40 | T13: WALMART | U13: =VLOOKUP('IMPO TERR'!T13,'Matriz datos'!$J$2:$K$10,2,0) -> AV. PDTE. EDUARDO FREI 8301, QUILICURA | X13: 0520260011782CDA | Y13: 0520260017968IIPA | Z13: 2605106749 | AA13: 2605107710 | AB13: 46083.877 | AC13: 46084 | AD13: 46085 | AE13: 4090180070 | AF13: 46085 | AG13: 46085.771 | AH13: 46087.752 | AJ13: 27110000 | AK13: 857.58
A14: CN 6358-10 | B14: 180072 | C14: LIBERADO | D14: PENDIENTE | E14: 46079 | K14: ENFRIADA | L14: Paraguay | M14: TERRESTRE | N14: Los Andes | O14: 26PYFOODS314 | Q14: FRIGOMERC | R14: AAAE804 | S14: AAAE476 | T14: WALMART | U14: =VLOOKUP('IMPO TERR'!T14,'Matriz datos'!$J$2:$K$10,2,0) -> AV. PDTE. EDUARDO FREI 8301, QUILICURA | X14: 0520260011535CDA | Y14: 0520260018254IIPA | Z14: 2605104506 | AA14: 2605105058 | AB14: 46084.793 | AC14: 46085 | AD14: 46085 | AE14: 4090180072 | AF14: 46085 | AG14: 46085.748 | AH14: 46091 | AJ14: 26210000 | AK14: 857.58
A15: CN 6359-8 | B15: 180073 | C15: LIBERADO | D15: PENDIENTE | E15: 46079 | K15: ENFRIADA | L15: Paraguay | M15: TERRESTRE | N15: Los Andes | O15: PYLG066/2026 | P15: 2026 | Q15: LUCERY | R15: AAGN977 | S15: AAAE634 | T15: WALMART | U15: =VLOOKUP('IMPO TERR'!T15,'Matriz datos'!$J$2:$K$10,2,0) -> AV. PDTE. EDUARDO FREI 8301, QUILICURA | X15: 0520260011407CDA | Y15: 0520260017775IIPA | Z15: 2605103079 | AA15: 2605105078 | AB15: 46084.768 | AC15: 46085 | AD15: 46083 | AE15: 4090180073 | AF15: 46085 | AG15: 46085.597 | AH15: 46087.81 | AJ15: 25670000 | AK15: 857.58
A16: SO/6354-43 | B16: 180074 | C16: LIBERADO | D16: PENDIENTE | E16: 46079 | F16: C.O. VALIDAR | G16: C.O. VALIDAR | K16: ENFRIADA | L16: Brasil | M16: TERRESTRE | N16: Los Andes | O16: BR547044989 | Q16: MARVEL | R16: JBG8A84 | S16: RYM5E22 | T16: WALMART | U16: =VLOOKUP('IMPO TERR'!T16,'Matriz datos'!$J$2:$K$10,2,0) -> AV. PDTE. EDUARDO FREI 8301, QUILICURA | X16: 0520260011476CDA | Y16: 0520260018502IIPA | Z16: 2605103668 | AA16: 2605105134 | AB16: 46087.571 | AC16: 46088 | AD16: 46084 | AE16: 4090180074 | AF16: 46087 | AG16: 46088.563 | AH16: 46088.638 | AJ16: 24850000 | AK16: 857.58
A17: SO/6354-37 | B17: 180075 | C17: LIBERADO | D17: EMITIDA | E17: 46079 | K17: ENFRIADA | L17: Brasil | M17: TERRESTRE | N17: Los Andes | O17: BR547044911 | R17: RYB8I87 | S17: RYB8I87 | T17: WALMART | U17: =VLOOKUP('IMPO TERR'!T17,'Matriz datos'!$J$2:$K$10,2,0) -> AV. PDTE. EDUARDO FREI 8301, QUILICURA | V17: ALESSANDRO VIEIRA | X17: 0520260011359CDA | Y17: 0520260018718IIPA | Z17: 2605102035 | AA17: 2605102626 | AB17: 46087.645 | AC17: 46087 | AD17: 46083 | AE17: 4090180075 | AF17: 46087 | AG17: 46090.481 | AH17: 46090.546 | AJ17: 23250000 | AK17: 857.58
A18: CN 25320-6 | B18: 180109 | C18: LIBERADO | D18: PENDIENTE | E18: 46080 | K18: ENFRIADA | L18: Paraguay | M18: TERRESTRE | N18: Los Andes | O18: PYLG070/2026 | P18: 2026 | Q18: LUCERY | R18: AAHI130 | S18: AAKB750 | T18: RAMIREZ | U18: =VLOOKUP('IMPO TERR'!T18,'Matriz datos'!$J$2:$K$10,2,0) -> AV. EL PARRON 345, LA CISTERNA | X18: 0520260011416CDA | Y18: 0520260018430IIPA | Z18: 2605103273 | AA18: 2605104792 | AB18: 46087.402 | AC18: 46087 | AD18: 46084 | AE18: 4090180109 | AF18: 46087 | AG18: 46087.778 | AH18: 46091 | AJ18: 28760000 | AK18: 857.58
A19: SO/6354-41 | B19: 180110 | C19: LIBERADO | D19: PENDIENTE | E19: 46080 | K19: ENFRIADA | L19: Brasil | M19: TERRESTRE | N19: Los Andes | O19: BR547044956 | Q19: MARVEL | R19: RYX9E71 | S19: RYP2J71 | T19: WALMART | U19: =VLOOKUP('IMPO TERR'!T19,'Matriz datos'!$J$2:$K$10,2,0) -> AV. PDTE. EDUARDO FREI 8301, QUILICURA | X19: 0520260011864CDA | Y19: 0520260018359IIPA | Z19: 2605107269 | AA19: 2605110378 | AB19: 46086.751 | AC19: 46087 | AD19: 46085 | AE19: 4090180110 | AF19: 46087 | AG19: 46087.745 | AH19: 46087.808 | AJ19: 24290000 | AK19: 857.58
A20: O/87315-2 | B20: 180112 | C20: LIBERADO | D20: PENDIENTE | E20: 46080 | K20: ENFRIADA | L20: Brasil | M20: TERRESTRE | N20: Los Andes | O20: BR547044967 | Q20: MARVEL | R20: RXT9I23 | S20: RXO5E92 | T20: ICESTAR | U20: =VLOOKUP('IMPO TERR'!T20,'Matriz datos'!$J$2:$K$10,2,0) -> AV. AMERICO VESPUCIO 0350, QUILICURA | X20: 0520260011897CDA | Y20: 0520260018420IIPA | Z20: 2605107217 | AA20: 2605110317 | AB20: 46087.459 | AC20: 46087 | AD20: 46085 | AE20: 4090180112 | AF20: 46087 | AG20: 46087.788 | AH20: 46088.512 | AJ20: 25920000 | AK20: 857.58
A21: O/87568 | B21: 180114 | C21: LIBERADO | D21: PENDIENTE | E21: 46080 | K21: CONGELADA | L21: Brasil | M21: TERRESTRE | N21: Los Andes | O21: BR698100492 | Q21: VIZZOTTO | R21: RYC0I37 | S21: RLI0I42 | T21: RAMIREZ | U21: =VLOOKUP('IMPO TERR'!T21,'Matriz datos'!$J$2:$K$10,2,0) -> AV. EL PARRON 345, LA CISTERNA | X21: 0520260011917CDA | Y21: 0520260018423IIPA | Z21: 2605107322 | AA21: 2605110277 | AB21: 46087.439 | AC21: 46087 | AD21: 46085 | AE21: 4090180114 | AF21: 46087 | AG21: 46087.777 | AH21: 46088.412 | AJ21: 25840000 | AK21: 857.58
A22: CN 6360-30 | B22: 180115 | C22: LIBERADO | D22: EMITIDA | E22: 46080 | K22: ENFRIADA | L22: Paraguay | M22: TERRESTRE | N22: Los Andes | O22: PYLG072/2026 | P22: 2026 | Q22: LUCERY | R22: AAIE199 | S22: AAMA137 | T22: WALMART | U22: =VLOOKUP('IMPO TERR'!T22,'Matriz datos'!$J$2:$K$10,2,0) -> AV. PDTE. EDUARDO FREI 8301, QUILICURA | V22: FERNANDO ACOSTA AGUILAR | X22: 0520260011516CDA | Y22: 0520260018850IIPA | Z22: 2605103977 | AA22: 2605104765 | AB22: 46088.769 | AC22: 08-03-2026 | AD22: 46084 | AE22: 4090180115 | AF22: 46090 | AG22: 46090.528 | AH22: 46092 | AI22: 141491 | AJ22: 25470000 | AK22: 857.58
A23: SO/6397-2P | B23: 180133 | C23: LIBERADO | D23: EMITIDA | E23: 46083 | G23: GUIA MOD.DESTINO (RUTA 5 SUR N 2786 KM252-PLANTA 3, TALCA) | K23: CONGELADA | L23: Brasil | M23: TERRESTRE | N23: Los Andes | O23: BR707400447 | Q23: MF | R23: SQA4B99 | S23: SPZ5D39 | T23: ICESTAR | U23: Ruta 5 Sur N 2786 KM 252-Planta 3, Talca | V23: JACSON DOUGLAS LOCH | X23: 0520260011946CDA | Y23: 0520260018771IIPA | Z23: 2605108712 | AA23: 2605110144 | AB23: 46089.864 | AC23: 46090 | AD23: 46085 | AE23: 4090180133 | AF23: 46090 | AG23: 46090 | AH23: 46090 | AI23: 141489 | AJ23: 16870000 | AK23: 857.58
A24: SO/6456-3 | B24: 180136 | C24: LIBERADO | D24: PENDIENTE | E24: 46083 | K24: CONGELADA | L24: Brasil | M24: TERRESTRE | N24: Los Andes | O24: BR512203456 | Q24: VENEZA | R24: RGM7C35 | S24: QJB2B11 | T24: ICESTAR | U24: =VLOOKUP('IMPO TERR'!T24,'Matriz datos'!$J$2:$K$10,2,0) -> AV. AMERICO VESPUCIO 0350, QUILICURA | X24: 0520260012067CDA | Y24: 0520260018434IIPA | Z24: 2605109923 | AA24: 2605112548 | AB24: 46086.938 | AC24: 46087 | AD24: 46086 | AE24: 4090180136 | AF24: 46087 | AG24: 46087.777 | AH24: 46088.446 | AJ24: 25980000 | AK24: 857.58
A25: SO/6354-39 | B25: 180137 | C25: LIBERADO | D25: PENDIENTE | E25: 46083 | K25: ENFRIADA | L25: Brasil | M25: TERRESTRE | N25: Los Andes | O25: BR547044938 | P25: 32433 | Q25: MARVEL | R25: SXA9J22 | S25: SXA1F12 | T25: WALMART | U25: =VLOOKUP('IMPO TERR'!T25,'Matriz datos'!$J$2:$K$10,2,0) -> AV. PDTE. EDUARDO FREI 8301, QUILICURA | X25: 0520260011881CDA | Y25: 0520260018267IIPA | Z25: 2605106196 | AA25: 2605107984 | AB25: 46082.575 | AC25: 02-03-2026 | AD25: 46085 | AE25: 4090180137 | AF25: 46085 | AG25: 46085.756 | AH25: 46085.835 | AJ25: 24410000 | AK25: 857.58
A26: SO/6370-27 | B26: 180139 | C26: LIBERADO | D26: EMITIDA | E26: 46083 | K26: ENFRIADA | L26: Brasil | M26: TERRESTRE | N26: Los Andes | O26: BR547044995 | Q26: MARVEL | R26: RLI5A86 | S26: RYF1C29 | T26: WALMART | U26: =VLOOKUP('IMPO TERR'!T26,'Matriz datos'!$J$2:$K$10,2,0) -> AV. PDTE. EDUARDO FREI 8301, QUILICURA | V26: STEVAO GARCIA | X26: 0520260012044CDA | Y26: 0520260018943IIPA | Z26: 2605109152 | AA26: 2605110090 | AB26: 46089.475 | AC26: 46090 | AD26: 46086 | AE26: 4090180139 | AF26: 46090 | AG26: 46090 | AH26: 46091 | AI26: 141504 | AJ26: 25980000 | AK26: 857.58
A27: SO/6354-42 | B27: 180145 | C27: LIBERADO | D27: PENDIENTE | E27: 46083 | K27: ENFRIADA | L27: Brasil | M27: TERRESTRE | N27: Los Andes | O27: BR547044969 | Q27: MARVEL | R27: QTL0655 | S27: RYL9J02 | T27: WALMART | U27: =VLOOKUP('IMPO TERR'!T27,'Matriz datos'!$J$2:$K$10,2,0) -> AV. PDTE. EDUARDO FREI 8301, QUILICURA | X27: 0520260012066CDA | Y27: 0520260018462IIPA | Z27: 2605109255 | AA27: 2605110037 | AB27: 46087.548 | AC27: 46088 | AD27: 46086 | AE27: 4090180145 | AF27: 46088 | AG27: 46088.562 | AH27: 46088.651 | AJ27: 24010000 | AK27: 857.58
A28: SO/6331-15 | B28: 180146 | C28: LIBERADO | D28: PENDIENTE | E28: 46083 | K28: ENFRIADA | L28: Argentina | M28: TERRESTRE | N28: Los Andes | O28: 052024TC2026 | Q28: TRES CRUCES | R28: AG826IT | S28: AG337WM | T28: WALMART | U28: =VLOOKUP('IMPO TERR'!T28,'Matriz datos'!$J$2:$K$10,2,0) -> AV. PDTE. EDUARDO FREI 8301, QUILICURA | X28: 0520260012059CDA | Y28: 0520260018004IIPA | Z28: 2605109265 | AA28: 2605110562 | AB28: 46084.56 | AC28: 46085 | AD28: 46086 | AE28: 4090180146 | AF28: 46086 | AG28: 46086.739 | AH28: 46086.837 | AK28: 857.58
A29: SO/6330-11 | B29: 180147 | C29: LIBERADO | D29: PENDIENTE | E29: 46083 | K29: ENFRIADA | L29: Argentina | M29: TERRESTRE | N29: Los Andes | O29: 052AR219400890 | Q29: RIO COLORADO | R29: RBTW67 | S29: JB6491 | T29: WALMART | U29: =VLOOKUP('IMPO TERR'!T29,'Matriz datos'!$J$2:$K$10,2,0) -> AV. PDTE. EDUARDO FREI 8301, QUILICURA | X29: 0520260011708CDA | Y29: 0520260017620IIPA | Z29: 2605105649 | AA29: 2605107389 | AB29: 46084.081 | AC29: 46084 | AD29: 46085 | AE29: 4090180147 | AF29: 46085 | AG29: 46085.672 | AH29: 46088.468 | AK29: 857.58
A30: SO/6354-38 | B30: 180152 | C30: LIBERADO | D30: EMITIDA | E30: 46083 | K30: ENFRIADA | L30: Brasil | M30: TERRESTRE | N30: Los Andes | O30: BR547044953 | Q30: MARVEL | R30: RDS0192 | S30: TPY4177 | T30: WALMART | U30: =VLOOKUP('IMPO TERR'!T30,'Matriz datos'!$J$2:$K$10,2,0) -> AV. PDTE. EDUARDO FREI 8301, QUILICURA | V30: JOAO CARLOS ALVES | W30: CPF: 714.674.756-53 | X30: 0520260012068CDA | Y30: 0520260019904IIPA | Z30: 2605109941 | AA30: 2605112533 | AB30: 46091 | AC30: 46092 | AD30: 46086 | AE30: 4090180152 | AF30: 46091 | AG30: 46092 | AH30: 46092 | AI30: 141548 | AK30: 857.58
A31: O/87772-1 | B31: 180153 | C31: LIBERADO | D31: PENDIENTE | E31: 46083 | K31: CONGELADA | L31: Brasil | M31: TERRESTRE | N31: Los Andes | O31: BR547044927 | Q31: MARVEL | R31: RLM6H97 | S31: QIT8604 | T31: ICESTAR | U31: =VLOOKUP('IMPO TERR'!T31,'Matriz datos'!$J$2:$K$10,2,0) -> AV. AMERICO VESPUCIO 0350, QUILICURA | X31: 0520260011858CDA | Z31: 2605105906 | AA31: 2605107383 | AB31: 46087.731 | AC31: 46088 | AD31: 46085 | AE31: 4090180153 | AF31: 46088 | AG31: 46088.574 | AH31: 46088.648 | AK31: 857.58
A32: O/87772-2 | B32: 180154 | C32: LIBERADO | D32: EMITIDA | E32: 46083 | K32: CONGELADA | L32: Brasil | M32: TERRESTRE | N32: Los Andes | O32: BR547045030 | Q32: MARVEL | R32: TDQ9I41 | S32: SXV1F31 | T32: ICESTAR | U32: =VLOOKUP('IMPO TERR'!T32,'Matriz datos'!$J$2:$K$10,2,0) -> AV. AMERICO VESPUCIO 0350, QUILICURA | V32: JOSE PAGOTTI | X32: 0520260012143CDA | Z32: 2605109424 | AA32: 2605110377 | AB32: 46089.969 | AC32: 46090 | AD32: 46086 | AE32: 4090180154 | AF32: 46090 | AG32: 46090 | AH32: 46090 | AI32: 141505 | AK32: 857.58
A33: SO/6360-31 | B33: 180178 | C33: LIBERADO | D33: EMITIDA | E33: 46084 | K33: ENFRIADA | L33: Brasil | M33: TERRESTRE | N33: Los Andes | O33: BR547045033 | Q33: MARVEL | R33: RXZ4F56 | S33: RYC8F45 | T33: WALMART | U33: =VLOOKUP('IMPO TERR'!T33,'Matriz datos'!$J$2:$K$10,2,0) -> AV. PDTE. EDUARDO FREI 8301, QUILICURA | V33: ALEX SANDRO GARCEZ AMARO | W33: CPF: 012.846.590-54 | X33: 0520260012308CDA | Y33: 0520260019893IIPA | Z33: 2605111544 | AA33: 2605112433 | AB33: 46091 | AC33: 46092 | AD33: 46087 | AE33: 4090180178 | AF33: 46091 | AG33: 46092 | AH33: 46092 | AI33: 141553 | AK33: 857.58
A34: SO/6354-45 | B34: 180180 | C34: LIBERADO | D34: EMITIDA | E34: 46084 | K34: ENFRIADA | L34: Brasil | M34: TERRESTRE | N34: Los Andes | O34: BR547045016 | Q34: MARVEL | R34: RXY9E54 | S34: RXK1C65 | T34: WALMART | U34: =VLOOKUP('IMPO TERR'!T34,'Matriz datos'!$J$2:$K$10,2,0) -> AV. PDTE. EDUARDO FREI 8301, QUILICURA | V34: MARCIO DA SILVA | X34: 0520260011913CDA | Y34: 0520260019321IIPA | Z34: 2605108064 | AA34: 2605109863 | AB34: 46090.494 | AC34: 46091 | AD34: 46086 | AE34: 4090180180 | AF34: 46090 | AG34: 46091 | AH34: 46091 | AI34: 141522 | AK34: 857.58
A35: SO/6370-29 | B35: 180181 | C35: LIBERADO | D35: EMITIDA | E35: 46084 | K35: ENFRIADA | L35: Brasil | M35: TERRESTRE | N35: Los Andes | O35: BR547045026 | Q35: MARVEL | R35: SXI7A02 | S35: RYW5J12 | T35: WALMART | U35: =VLOOKUP('IMPO TERR'!T35,'Matriz datos'!$J$2:$K$10,2,0) -> AV. PDTE. EDUARDO FREI 8301, QUILICURA | V35: ELIO PEREIRA DE OLIVEIRA | X35: 0520260012190CDA | Y35: 0520260019259IIPA | Z35: 2605109685 | AA35: 2605110139 | AB35: 46090 | AC35: 46091 | AD35: 46086 | AE35: 4090180181 | AF35: 46091 | AG35: 46091 | AH35: 46091 | AI35: 141526 | AK35: 857.58
A36: SO/6354-46 | B36: 180183 | C36: LIBERADO | D36: EMITIDA | E36: 46084 | K36: ENFRIADA | L36: Brasil | M36: TERRESTRE | N36: Los Andes | O36: BR547045038 | P36: 40365 | Q36: MARVEL | R36: RXW2G34 | S36: SXA7D71 | T36: WALMART | U36: =VLOOKUP('IMPO TERR'!T36,'Matriz datos'!$J$2:$K$10,2,0) -> AV. PDTE. EDUARDO FREI 8301, QUILICURA | V36: GABRIEL CAMARGO FORTES | W36: CPF:446.710.208-66 | X36: 0520260012109CDA | Y36: 0520260020948IIPA | Z36: 2605109639 | AA36: 2605110120 | AB36: 46094 | AC36: 46095 | AD36: 46086 | AE36: 4090180183 | AF36: 46095 | AG36: 46095 | AH36: 46095 | AI36: 141601 | AK36: 857.58
A37: CN 6360-29 | B37: 180184 | C37: LIBERADO | D37: EMITIDA | E37: 46084 | K37: ENFRIADA | L37: Paraguay | M37: TERRESTRE | N37: Los Andes | O37: PY23TMA1138 | Q37: TRANSMA | R37: ADRI003 | S37: ADRI002 | T37: WALMART | U37: =VLOOKUP('IMPO TERR'!T37,'Matriz datos'!$J$2:$K$10,2,0) -> AV. PDTE. EDUARDO FREI 8301, QUILICURA | V37: ALCIDES AVALOS | X37: 0520260012345CDA | Y37: 0520260018836IIPA | Z37: 2605111953 | AA37: 2605112430 | AB37: 46088.67 | AC37: 46089 | AD37: 46087 | AE37: 4090180184 | AF37: 46090 | AG37: 46090.53 | AH37: 46092 | AI37: 141488 | AK37: 857.58
A38: AR/18899-1 | B38: 180186 | C38: LIBERADO | D38: PENDIENTE | E38: 46084 | K38: ENFRIADA | L38: Argentina | M38: TERRESTRE | N38: Los Andes | O38: 052AR219400891 | Q38: RIO COLORADO | R38: HDLX77 | S38: HGKX36 | T38: TOTTUS | U38: =VLOOKUP('IMPO TERR'!T38,'Matriz datos'!$J$2:$K$10,2,0) -> AV. AMERICO VESPUCIO 0350, QUILICURA | X38: 0520260012228CDA | Y38: 0520260018428IIPA | Z38: 2605110760 | AA38: 2605112514 | AB38: 46086.159 | AC38: 46087 | AD38: 46087 | AE38: 4090180186 | AF38: 46087 | AG38: 46087.775 | AH38: 46091 | AK38: 857.58
A39: SO/6362-3 | B39: 180188 | C39: LIBERADO | D39: EMITIDA | E39: 46084 | K39: CONGELADA | L39: Brasil | M39: TERRESTRE | N39: Los Andes | O39: BR453909370 | Q39: BRILHANTE | R39: RHR6J21 | S39: RLG5E30 | T39: WALMART | U39: =VLOOKUP('IMPO TERR'!T39,'Matriz datos'!$J$2:$K$10,2,0) -> AV. PDTE. EDUARDO FREI 8301, QUILICURA | V39: ADRIANO DE SOUZA | X39: 0520260011922CDA | Y39: 0520260019337IIPA | Z39: 2605108147 | AA39: 2605109858 | AB39: 46090 | AC39: 46091 | AD39: 46085 | AE39: 4090180188 | AF39: 46091 | AG39: 46091 | AH39: 46092 | AI39: 141540 | AK39: 857.58
A40: SO/6354-44 | B40: 180190 | C40: LIBERADO | D40: EMITIDA | E40: 46084 | K40: ENFRIADA | L40: Brasil | M40: TERRESTRE | N40: Los Andes | O40: BR547045035 | P40: 40933 | Q40: MARVEL | R40: SYU4C97 | S40: RYT3J70 | T40: WALMART | U40: =VLOOKUP('IMPO TERR'!T40,'Matriz datos'!$J$2:$K$10,2,0) -> AV. PDTE. EDUARDO FREI 8301, QUILICURA | V40: AMILTON SOARES SILVA | W40: CPF: 075.503.384-18 | X40: 0520260012239CDA | Y40: 0520260022045IIPA | Z40: 2605109742 | AA40: 2605110213 | AB40: 46096 | AC40: 46097 | AD40: 46086 | AE40: 4090180190 | AF40: 46097 | AG40: 46098 | AH40: 46098 | AI40: 141644 | AK40: 857.58
A41: SO/6362-1 | B41: 180192 | C41: LIBERADO | D41: EMITIDA | E41: 46084 | K41: CONGELADA | L41: Brasil | M41: TERRESTRE | N41: Los Andes | O41: BR633202432 | Q41: MIRO | R41: SVR4A13 | S41: SXJ3J97 | T41: WALMART | U41: =VLOOKUP('IMPO TERR'!T41,'Matriz datos'!$J$2:$K$10,2,0) -> AV. PDTE. EDUARDO FREI 8301, QUILICURA | V41: JONATHAN EDUARTS | X41: 0520260011936CDA | Y41: 0520260019328IIPA | Z41: 2605108514 | AA41: 2605109851 | AB41: 46090.379 | AC41: 46091 | AD41: 46085 | AE41: 4090180192 | AF41: 46090 | AG41: 46091 | AH41: 46091 | AI41: 141523 | AK41: 857.58
A42: CN 6357-8 | B42: 180193 | C42: LIBERADO | D42: PENDIENTE | E42: 46084 | K42: ENFRIADA | L42: Paraguay | M42: TERRESTRE | N42: Los Andes | O42: 26PYFOODS316 | Q42: PYFOOD | R42: AARP790 | S42: AAAE475 | T42: WALMART | U42: =VLOOKUP('IMPO TERR'!T42,'Matriz datos'!$J$2:$K$10,2,0) -> AV. PDTE. EDUARDO FREI 8301, QUILICURA | X42: 0520260012113CDA | Y42: 0520260018426IIPA | Z42: 2605109732 | AA42: 2605110161 | AB42: 46087.376 | AC42: 06-03-2026 | AD42: 46086 | AE42: 4090180193 | AF42: 46087 | AG42: 46087.776 | AH42: 46091 | AK42: 857.58
A43: SO/6456-4 | B43: 180195 | C43: LIBERADO | D43: EMITIDA | E43: 46084 | K43: CONGELADA | L43: Brasil | M43: TERRESTRE | N43: Los Andes | O43: BR453909378 | Q43: BRILHANTE | R43: SEK6H34 | S43: SXX0174 | T43: ICESTAR | U43: =VLOOKUP('IMPO TERR'!T43,'Matriz datos'!$J$2:$K$10,2,0) -> AV. AMERICO VESPUCIO 0350, QUILICURA | V43: LUCAS DE OLIVEIRA SOUZA | X43: 0520260012536CDA | Y43: 0520260019917IIPA | Z43: 2605113276 | AA43: 2605114534 | AB43: 46091 | AC43: 46091 | AD43: 46087 | AE43: 4090180195 | AF43: 46091 | AG43: 46092 | AH43: 46092 | AI43: 141546 | AK43: 857.58
A44: SO/6356-6 | B44: 180196 | C44: LIBERADO | D44: EMITIDA | E44: 46084 | K44: CONGELADA | L44: Brasil | M44: TERRESTRE | N44: Los Andes | O44: BR453909383 | Q44: BRILHANTE | R44: SDZ5E28 | S44: REA1E31 | T44: WALMART | U44: =VLOOKUP('IMPO TERR'!T44,'Matriz datos'!$J$2:$K$10,2,0) -> AV. PDTE. EDUARDO FREI 8301, QUILICURA | V44: JOSENILDO FREIRE DA SILVA | X44: 0520260012538CDA | Y44: 0520260018936IIPA | Z44: 2605113362 | AA44: 2605114515 | AB44: 46089.714 | AC44: 46090 | AD44: 46087 | AE44: 4090180196 | AF44: 46090 | AG44: 46090 | AH44: 46091 | AI44: 141509 | AK44: 857.58
A45: SO/6330-13 | B45: 180198 | C45: LIBERADO | D45: PENDIENTE | E45: 46084 | K45: ENFRIADA | L45: Argentina | M45: TERRESTRE | N45: Los Andes | O45: 052AR219400892 | Q45: RIO COLORADO | R45: HFST22 | S45: JL7542 | T45: WALMART | U45: =VLOOKUP('IMPO TERR'!T45,'Matriz datos'!$J$2:$K$10,2,0) -> AV. PDTE. EDUARDO FREI 8301, QUILICURA | X45: 0520260011930CDA | Y45: 0520260018407IIPA | Z45: 2605108328 | AA45: 2605109841 | AB45: 46086.157 | AC45: 46087 | AD45: 46085 | AE45: 4090180198 | AF45: 46086 | AG45: 46087.596 | AH45: 46091 | AK45: 857.58
A46: CN 25314-3 | B46: 180199 | C46: LIBERADO | D46: EMITIDA | E46: 46084 | K46: ENFRIADA | L46: Paraguay | M46: TERRESTRE | N46: Los Andes | O46: 2026PYSANJOSE053 | Q46: SAN JOSE | R46: AAHX504 | S46: BETO050 | T46: ICESTAR | U46: =VLOOKUP('IMPO TERR'!T46,'Matriz datos'!$J$2:$K$10,2,0) -> AV. AMERICO VESPUCIO 0350, QUILICURA | V46: JORGE GEDEON | X46: 0520260012240CDA | Y46: 0520260018948IIPA | Z46: 2605109779 | AA46: 2605112451 | AB46: 46089.793 | AC46: 46090 | AD46: 46087 | AE46: 4090180199 | AF46: 46090 | AG46: 46090 | AH46: 46091 | AI46: 141511 | AK46: 857.58
A47: AR/18699-5 | B47: 180201 | C47: LIBERADO | D47: PENDIENTE | E47: 46084 | K47: ENFRIADA | L47: Argentina | M47: TERRESTRE | N47: Los Andes | O47: 083029TC2026 | Q47: TRES CRUCES | R47: AF325OC | S47: AF363HN | T47: RENDIC | U47: =VLOOKUP('IMPO TERR'!T47,'Matriz datos'!$J$2:$K$10,2,0) -> CAMINO LO AGUIRRE SUR 537, PUDAHUEL | V47: MAYORGA MIGUEL | W47: DNI 25375378 | X47: 0520260011949CDA | Z47: 2605108680 | AA47: 2605110346 | AB47: 46085.891 | AC47: 46086 | AD47: 46085 | AE47: 4090180201 | AF47: 46086 | AG47: 46086.738 | AH47: 46086.831 | AK47: 857.58
A48: CN 25235-2 | B48: 180202 | C48: LIBERADO | D48: EMITIDA | E48: 46084 | K48: ENFRIADA | L48: Paraguay | M48: TERRESTRE | N48: Los Andes | O48: PYLG073/2026 | P48: 2026 | Q48: LUCERY | R48: AAJK151 | S48: AAIL683 | T48: KARMAC | U48: =VLOOKUP('IMPO TERR'!T48,'Matriz datos'!$J$2:$K$10,2,0) -> CORDILLERA 451, QUILICURA | V48: DAVID GALEANO | X48: 0520260012542CDA | Z48: 2605113395 | AA48: 2605114518 | AB48: 46088.621 | AC48: 46089 | AD48: 46087 | AE48: 4090180202 | AF48: 46090 | AG48: 46090 | AH48: 46092 | AI48: 141494 | AK48: 857.58
A49: SO/6330-12 | B49: 180213 | C49: LIBERADO | D49: PENDIENTE | E49: 46084 | K49: ENFRIADA | L49: Argentina | M49: TERRESTRE | N49: Los Andes | O49: 05217470TKBA26 | Q49: TURKEN | R49: PDKT55 | S49: KYPP95 | T49: WALMART | U49: =VLOOKUP('IMPO TERR'!T49,'Matriz datos'!$J$2:$K$10,2,0) -> AV. PDTE. EDUARDO FREI 8301, QUILICURA | V49: CORNEJO DAVID ORLANDO | W49: CI: 27.724.218-4 | X49: 0520260012282CDA | Z49: 2605110890 | AA49: 2605112505 | AB49: 46085.81 | AC49: 46086 | AD49: 46087 | AE49: 4090180213 | AF49: 46087 | AG49: 46087.776 | AH49: 46090 | AK49: 857.58
A50: SO/6370-30 | B50: 180226 | C50: LIBERADO | D50: EMITIDA | E50: 46085 | K50: ENFRIADA | L50: Brasil | M50: TERRESTRE | N50: Los Andes | O50: BR547045046 | Q50: MARVEL | R50: RYZ5B71 | S50: TPU5H98 | T50: WALMART | U50: =VLOOKUP('IMPO TERR'!T50,'Matriz datos'!$J$2:$K$10,2,0) -> AV. PDTE. EDUARDO FREI 8301, QUILICURA | V50: LUCIANO DE CAMPOS | W50: CPF: 179.279.918-90 | X50: 0520260012566CDA | Z50: 2605113776 | AA50: 2605114358 | AB50: 46089.8 | AC50: 46090 | AD50: 46087 | AE50: 4090180226 | AF50: 46090 | AG50: 46090 | AH50: 46090 | AI50: 141500 | AK50: 857.58
A51: SO/6362-4 | B51: 180228 | C51: LIBERADO | D51: EMITIDA | E51: 46085 | K51: CONGELADA | L51: Brasil | M51: TERRESTRE | N51: Los Andes | O51: BR512203463 | Q51: BELMAT | R51: SXB9E75 | S51: SXA8C05 | T51: WALMART | U51: =VLOOKUP('IMPO TERR'!T51,'Matriz datos'!$J$2:$K$10,2,0) -> AV. PDTE. EDUARDO FREI 8301, QUILICURA | V51: IVONEI FRANCHINI | W51: CPF: 028.716.939-19 | X51: 0520260012574CDA | Z51: 2605113989 | AA51: 2605114359 | AB51: 46089.287 | AC51: 46090 | AD51: 46087 | AE51: 4090180228 | AF51: 46090 | AG51: 46090 | AH51: 46091 | AI51: 141508 | AK51: 857.58
A52: O/87315-3 | B52: 180230 | C52: LIBERADO | D52: EMITIDA | E52: 46085 | K52: ENFRIADA | L52: Brasil | M52: TERRESTRE | N52: Los Andes | O52: BR261615139 | P52: 40352 | Q52: CORDENOSI | R52: RYB9H52 | S52: RLH1B24 | T52: ICESTAR | U52: =VLOOKUP('IMPO TERR'!T51,'Matriz datos'!$J$2:$K$10,2,0) -> AV. PDTE. EDUARDO FREI 8301, QUILICURA | V52: FABIO DA SILVA ABREU CARDOSO | W52: CPF: 139.977.107-83 | X52: 0520260012603CDA | Z52: 2605114628 | AA52: 2605117796 | AB52: 46094 | AC52: 46095 | AD52: 46090 | AE52: 4090180230 | AF52: 46095 | AG52: 46097 | AH52: 46097 | AI52: 41609 | AK52: 857.58
A53: SO/6397-10 | B53: 180242 | C53: LIBERADO | D53: EMITIDA | E53: 46086 | G53: GUIA MOD.DESTINO (CAMINO STA.MARTA N2101, MAIPU) | K53: CONGELADA | L53: Brasil | M53: TERRESTRE | N53: Los Andes | O53: BR707400448 | Q53: MF | R53: RRX1H82 | S53: RRT5B32 | T53: ICESTAR | U53: CAMINO SANTA MARTA N2101, MAIPU | V53: LUIZ CARLOS RODRIGUES | W53: CPF: 920.555.591-68 | X53: 0520260012454CDA | Z53: 2605111955 | AA53: 2605112639 | AB53: 46089.865 | AC53: 46090 | AD53: 46087 | AE53: 4090180242 | AF53: 46090 | AG53: 46090 | AH53: 46090 | AI53: 141490 | AK53: 857.58
A54: SO/6369-10 | B54: 180249 | C54: LIBERADO | D54: EMITIDA | E54: 46086 | K54: CONGELADA | L54: Brasil | M54: TERRESTRE | N54: Los Andes | O54: BR547044982 | Q54: MARVEL | R54: RYH3D89 | S54: RXK9A35 | T54: ICESTAR | U54: =VLOOKUP('IMPO TERR'!T54,'Matriz datos'!$J$2:$K$10,2,0) -> AV. AMERICO VESPUCIO 0350, QUILICURA | V54: LUIZ ANTONIO DA SILVA | W54: CPF: 495.240.971-68 | X54: 0520260012350CDA | Z54: 2605111677 | AA54: 2605112425 | AB54: 46090.027 | AC54: 46090 | AD54: 46087 | AE54: 4090180249 | AF54: 46090 | AG54: 46090 | AH54: 46090 | AI54: 141498 | AK54: 857.58
A55: SO/6575-1 | B55: 180257 | C55: LIBERADO | D55: EMITIDA | E55: 46086 | G55: Camion no fue inspeccionado ya que estaba bloqueado | K55: ENFRIADA | L55: Argentina | M55: TERRESTRE | N55: Los Andes | O55: 0520052026CH | Q55: BERTA GARCIA | R55: HLZW91 | S55: PWST38 | T55: RENDIC | U55: =VLOOKUP('IMPO TERR'!T55,'Matriz datos'!$J$2:$K$10,2,0) -> CAMINO LO AGUIRRE SUR 537, PUDAHUEL | V55: HUGO DURE OJEDA | W55: CI 1.884.261 | X55: 0520260012510CDA | Z55: 2605113022 | AA55: 2605114351 | AB55: 46087.834 | AC55: 46088 | AD55: 46087 | AE55: 4090180257 | AF55: 46090 | AG55: 46091 | AH55: 46092 | AI55: 141516
A56: CN 25320-5 | B56: 180261 | C56: LIBERADO | D56: EMITIDA | E56: 46086 | K56: ENFRIADA | L56: Paraguay | M56: TERRESTRE | N56: Los Andes | O56: PYLG074/2026 | P56: 2026 | Q56: LUCERY | R56: AAIE005 | S56: AAIE004 | T56: RAMIREZ | U56: =VLOOKUP('IMPO TERR'!T56,'Matriz datos'!$J$2:$K$10,2,0) -> AV. EL PARRON 345, LA CISTERNA | V56: ANTONIO RIOS | X56: 0520260012580CDA | Z56: 2605114146 | AA56: 2605117769 | AB56: 46091 | AC56: 46092 | AD56: 46090 | AE56: 4090180261 | AF56: 46092 | AG56: 46092 | AH56: 46094 | AI56: 141554 | AJ56: 28770000
A57: CN 25412-1 | B57: 180263 | C57: LIBERADO | D57: EMITIDA | E57: 46086 | K57: ENFRIADA | L57: Paraguay | M57: TERRESTRE | N57: Los Andes | O57: PY23TMA1140 | Q57: TRANSMA | R57: AASC567 | S57: AARP529 | T57: RENDIC | U57: =VLOOKUP('IMPO TERR'!T57,'Matriz datos'!$J$2:$K$10,2,0) -> CAMINO LO AGUIRRE SUR 537, PUDAHUEL | V57: NELSON GONZALEZ | W57: CI: 4.926.875 | X57: 0520260012505CDA | Z57: 2605112925 | AA57: 2605114353 | AB57: 46091 | AC57: 46091 | AD57: 46088 | AE57: 4090180263 | AF57: 46091 | AG57: 46091 | AH57: 46092 | AI57: 141533
A58: CN 25368-2 | B58: 180265 | C58: LIBERADO | D58: EMITIDA | E58: 46086 | K58: ENFRIADA | L58: Paraguay | M58: TERRESTRE | N58: Los Andes | O58: PYLG075/2026 | P58: 2026 | Q58: LUCERY | R58: AAGN704 | S58: AAIN016 | T58: FRIGOZETA | U58: =VLOOKUP('IMPO TERR'!T58,'Matriz datos'!$J$2:$K$10,2,0) -> 6 ORIENTE 152-D CALETERA ORIENTE ALTURA KM 39, PAINE | V58: DIEGO SAMUDIO BARRIOS | X58: 0520260012739CDA | Z58: 2605115963 | AA58: 2605117795 | AB58: 46091 | AC58: 46092 | AD58: 46090 | AE58: 4090180265 | AF58: 46092 | AG58: 46092 | AH58: 46093 | AI58: 141550
A59: CN 6358-13 | B59: 180284 | C59: LIBERADO | D59: EMITIDA | E59: 46087 | K59: ENFRIADA | L59: Paraguay | M59: TERRESTRE | N59: Los Andes | O59: PYLG076/2026 | P59: 2026 | Q59: LUCERY | R59: AAHI478 | S59: AAMS803 | T59: WALMART | U59: =VLOOKUP('IMPO TERR'!T59,'Matriz datos'!$J$2:$K$10,2,0) -> AV. PDTE. EDUARDO FREI 8301, QUILICURA | V59: SERGIO RAMON OVELAR | X59: 0520260012865CDA | Z59: 2605116837 | AA59: 2605117897 | AB59: 46091 | AC59: 46092 | AD59: 46091 | AE59: 4090180284 | AF59: 46092 | AG59: 46092 | AH59: 46093 | AI59: 141551
A60: SO/6397-7 | B60: 180286 | C60: LIBERADO | D60: EMITIDA | E60: 46087 | K60: CONGELADA | L60: Brasil | M60: TERRESTRE | N60: Los Andes | O60: BR547045048 | Q60: MARVEL | R60: RYH3B97 | S60: RXO5F99 | T60: CIAL | U60: =VLOOKUP('IMPO TERR'!T60,'Matriz datos'!$J$2:$K$10,2,0) -> CAMINO SANTA MARTA 2101, MAIPU | V60: SIDNEI DOS SANTOS MASCENA | W60: CPF: 003.174.795-71 | X60: 0520260012663CDA | Z60: 2605115511 | AA60: 2605123254 | AB60: 46093 | AC60: 46094 | AD60: 46092 | AE60: 4090180286 | AF60: 46093 | AG60: 46094 | AH60: 46094 | AI60: 141587 | AJ60: 16820000
A61: SO/6354-48 | B61: 180288 | C61: EN TRANSITO | D61: PENDIENTE | E61: 46087 | K61: ENFRIADA | L61: Brasil | M61: TERRESTRE | N61: Los Andes | O61: BR547046096 | Q61: MARVEL | R61: RLH5195 | S61: RAD1204 | T61: WALMART | U61: =VLOOKUP('IMPO TERR'!T61,'Matriz datos'!$J$2:$K$10,2,0) -> AV. PDTE. EDUARDO FREI 8301, QUILICURA | V61: AGLAYR VAGNER DA SILVA BENICIO | W61: CPF: 094.932.184-22 | X61: 0520260012881CDA | Z61: 2605117066 | AA61: 2605117915 | AD61: 46091 | AE61: 4090180288
A62: SO/6362-5 | B62: 180289 | C62: EN ALMACEN | D62: PENDIENTE | E62: 46087 | G62: CAJA CON PROBLE DE ETIQUETADO A LA ESPERA DE DESTRUCCION | K62: CONGELADA | L62: Brasil | M62: TERRESTRE | N62: Los Andes | O62: BR512203471 | P62: 40322 | Q62: VENEZA | R62: RLN3177 | S62: QIE4446 | T62: WALMART | U62: =VLOOKUP('IMPO TERR'!T62,'Matriz datos'!$J$2:$K$10,2,0) -> AV. PDTE. EDUARDO FREI 8301, QUILICURA | V62: EDUARDO FELIPE DE BRITTO | W62: CPF: 103.468.359-41 | X62: 0520260012979CDA | Z62: 2605118034 | AA62: 2605120449 | AB62: 46094 | AC62: 46095 | AD62: 46091 | AE62: 4090180289 | AF62: 46095 | AG62: PENDIENTE | AH62: PENDIENTE | AJ62: 21190000
A63: O/88092 | B63: 180290 | C63: LIBERADO | D63: EMITIDA | E63: 46088 | K63: ENFRIADA | L63: Brasil | M63: TERRESTRE | N63: Los Andes | O63: BR453909390 | P63: 42111 | Q63: BRILHANTE | R63: RHU1F29 | S63: TBG6J04 | T63: ICESTAR | U63: MERCADO FRANKLIN 888, SANTIAGO | V63: LEANDRO LOPES DE LIMA PEREIRA | W63: CPF: 088.840.269-46 | X63: 0520260012720CDA | Z63: 2605115713 | AA63: 2605117940 | AB63: 46097 | AC63: 46098 | AD63: 46090 | AE63: 4090180290 | AF63: 46098 | AG63: 46098 | AH63: 46098 | AJ63: 27800000
A64: SO/6362-2 | B64: 180291 | C64: LIBERADO | D64: EMITIDA | E64: 46088 | K64: CONGELADA | L64: Brasil | M64: TERRESTRE | N64: Los Andes | O64: BR547045042 | P64: 40320 | Q64: MARVEL | R64: RLJ2171 | S64: RYF0E17 | T64: WALMART | U64: =VLOOKUP('IMPO TERR'!T64,'Matriz datos'!$J$2:$K$10,2,0) -> AV. PDTE. EDUARDO FREI 8301, QUILICURA | V64: ROBSON ROSA DO NASCIMENTO | W64: CPF: 194.816.998-38 | X64: 0520260012894CDA | Z64: 2605117336 | AA64: 2605120518 | AB64: 46094 | AC64: 46095 | AD64: 46091 | AE64: 4090180291 | AF64: 46095 | AG64: 46095 | AH64: 46095 | AI64: 141598 | AJ64: 20440000
A65: SO/6370-32 | B65: 180292 | C65: LIBERADO | D65: EMITIDA | E65: 46088 | K65: ENFRIADA | L65: Brasil | M65: TERRESTRE | N65: Los Andes | O65: BR547046082 | P65: 41046 | Q65: MARVEL | R65: RLK5H25 | S65: RLK5H25 | T65: WALMART | U65: =VLOOKUP('IMPO TERR'!T65,'Matriz datos'!$J$2:$K$10,2,0) -> AV. PDTE. EDUARDO FREI 8301, QUILICURA | V65: SILVANA ADRIA | W65: CPF:059.254.209-26 | X65: 0520260012751CDA | Z65: 2605116674 | AA65: 2605117725 | AB65: 46096 | AC65: 46097 | AD65: 46090 | AE65: 4090180292 | AF65: 46097 | AG65: 46097 | AH65: 46098 | AI65: 141638 | AJ65: 26080000
A66: SO/6350-9 | B66: 180293 | C66: LIBERADO | D66: EMITIDA | E66: 46088 | K66: ENFRIADA | L66: Brasil | M66: TERRESTRE | N66: Los Andes | O66: BR547046105 | P66: 41312 | Q66: MARVEL | R66: RXZ3H19 | S66: RXV7B59 | T66: WALMART | U66: =VLOOKUP('IMPO TERR'!T66,'Matriz datos'!$J$2:$K$10,2,0) -> AV. PDTE. EDUARDO FREI 8301, QUILICURA | V66: EZEQUIEL DOS SANTOS | W66: CPF: 004.007.569-94 | X66: 0520260012889CDA | Z66: 2605116951 | AA66: 2605117887 | AB66: 46096 | AC66: 46097 | AD66: 46091 | AE66: 4090180293 | AF66: 46097 | AG66: 46098 | AH66: 46098 | AI66: 141650 | AJ66: 24400000
A67: SO/6497-1 | B67: 180311 | C67: LIBERADO | D67: EMITIDA | E67: 46090 | K67: CONGELADA | L67: Brasil | M67: TERRESTRE | N67: Los Andes | O67: BR512203472 | P67: 40314 | R67: RXY6J89 | S67: RLH9C86 | T67: ICESTAR | U67: Ruta 5 Sur N 2786 KM 252-Planta 3, Talca | V67: LETICIA DE CARVALHO | W67: 24625000 | X67: 0520260013160CDA | Z67: 2605119647 | AA67: 2605120411 | AB67: 46094 | AC67: 46095 | AD67: 46092 | AE67: 4090180311 | AF67: 46095 | AG67: 46095 | AH67: 46095 | AI67: 141604 | AJ67: 17540000
A68: SO/6350-5 | B68: 180312 | C68: LIBERADO | D68: EMITIDA | E68: 46090 | K68: ENFRIADA | L68: Brasil | M68: TERRESTRE | N68: Los Andes | O68: BR547046119 | P68: 40978 | Q68: MARVEL | R68: RLN9J25 | S68: RLM7H95 | T68: WALMART | U68: =VLOOKUP('IMPO TERR'!T68,'Matriz datos'!$J$2:$K$10,2,0) -> AV. PDTE. EDUARDO FREI 8301, QUILICURA | V68: NATANAEL DOS SANTOS FERTONANE | W68: CPF:038.213.502-45 | X68: 0520260013030CDA | Z68: 2605118330 | AA68: 2605120465 | AB68: 46096 | AC68: 46097 | AD68: 46091 | AE68: 4090180312 | AF68: 46097 | AG68: 46098 | AH68: 46098 | AI68: 141647 | AJ68: 24110000
A69: SO/6397-8 | B69: 180313 | C69: LIBERADO | D69: EMITIDA | E69: 46090 | K69: CONGELADA | L69: Brasil | M69: TERRESTRE | N69: Los Andes | O69: BR512203469 | P69: 40485 | R69: SXK6J99 | S69: RYN2C80 | T69: CIAL | U69: =VLOOKUP('IMPO TERR'!T69,'Matriz datos'!$J$2:$K$10,2,0) -> CAMINO SANTA MARTA 2101, MAIPU | V69: CLAUDIO LARA DE JESUS | W69: CPF: 049.285.829-26 | X69: 0520260012912CDA | Z69: 2605117369 | AA69: 2605122815 | AB69: 46094 | AC69: 46095 | AD69: 46093 | AE69: 4090180313 | AF69: 46095 | AG69: 46095 | AH69: 46095 | AI69: 141610 | AJ69: 16870000
A70: SO/6370-28 | B70: 180314 | C70: LIBERADO | D70: EMITIDA | E70: 46090 | G70: CDA SALUD DEVUELTO POR FIRMADOR | K70: ENFRIADA | L70: Brasil | M70: TERRESTRE | N70: Los Andes | O70: BR547045034 | P70: 37030 | Q70: MARVEL | R70: RYH3E69 | S70: SXG8173 | T70: WALMART | U70: =VLOOKUP('IMPO TERR'!T70,'Matriz datos'!$J$2:$K$10,2,0) -> AV. PDTE. EDUARDO FREI 8301, QUILICURA | V70: ROBISON JUNIOR FALCAO | W70: CPF: 070.468.649-00 | X70: 0520260012789CDA | Z70: 2605116934 | AA70: 2605125477 | AB70: 46089 | AC70: 46090 | AD70: 46093 | AE70: 4090180314 | AF70: 46094 | AG70: 46094 | AH70: 46094 | AI70: 141596 | AJ70: 25560000
A71: CN 6357-13 | B71: 180318 | C71: LIBERADO | D71: PENDIENTE | E71: 46090 | K71: ENFRIADA | L71: Paraguay | M71: TERRESTRE | N71: Los Andes | O71: PY23TMA1141 | P71: 40724 | Q71: TRANSMA | R71: BRNA075 | S71: TINI074 | T71: WALMART | U71: =VLOOKUP('IMPO TERR'!T71,'Matriz datos'!$J$2:$K$10,2,0) -> AV. PDTE. EDUARDO FREI 8301, QUILICURA | V71: LUIS BENITZ | W71: CI: 3.508.310 | X71: 0520260012903CDA | Z71: 2605117104 | AA71: 2605118333 | AB71: 46095 | AC71: 46096 | AD71: 46091 | AE71: 4090180318 | AF71: 46097 | AG71: 46097 | AH71: 46098 | AI71: 141614 | AJ71: 27060000
A72: SO/6354-47 | B72: 180319 | C72: LIBERADO | D72: EMITIDA | E72: 46090 | K72: ENFRIADA | L72: Brasil | M72: TERRESTRE | N72: Los Andes | O72: BR547046065 | P72: 41073 | R72: RXV7D73 | S72: OJL0526 | T72: WALMART | U72: =VLOOKUP('IMPO TERR'!T72,'Matriz datos'!$J$2:$K$10,2,0) -> AV. PDTE. EDUARDO FREI 8301, QUILICURA | V72: FERNANDO SCHMITT | W72: CPF: 022.714.529-10 | X72: 0520260013175CDA | Z72: 2605119861 | AA72: 2605120421 | AB72: 46096 | AC72: 46097 | AD72: 46092 | AE72: 4090180319 | AF72: 46097 | AG72: 46098 | AH72: 46098 | AI72: 141643 | AJ72: 24760000
A73: CN 25412-2 | B73: 180320 | C73: LIBERADO | D73: PENDIENTE | E73: 45360 | K73: ENFRIADA | L73: Paraguay | M73: TERRESTRE | N73: Los Andes | O73: PY23TMA1142 | P73: 40725 | Q73: TRANSMA | R73: AAVP142 | S73: AAFR256 | T73: RENDIC | U73: =VLOOKUP('IMPO TERR'!T73,'Matriz datos'!$J$2:$K$10,2,0) -> CAMINO LO AGUIRRE SUR 537, PUDAHUEL | V73: JUAN CARLOS GONZALES | W73: CI: 4.550.729 | X73: 0520260013042CDA | Z73: 2605118527 | AA73: 2605120479 | AB73: 46095 | AC73: 46096 | AD73: 46091 | AE73: 4090180320 | AF73: 46097 | AG73: 46097 | AH73: 46098 | AI73: 141613 | AJ73: 34020000
A74: SO/6397-9 | B74: 180328 | C74: LIBERADO | D74: EMITIDA | E74: 46090 | G74: Pendiente Factura | K74: CONGELADA | L74: Brasil | M74: TERRESTRE | N74: Los Andes | O74: BR707400452 | P74: 39870 | Q74: MF | R74: SPX6D65 | S74: SPU3D81 | T74: CIAL | U74: =VLOOKUP('IMPO TERR'!T74,'Matriz datos'!$J$2:$K$10,2,0) -> CAMINO SANTA MARTA 2101, MAIPU | V74: RENILDO DE SOUZA | X74: 0520260013327CDA | Z74: 2605121781 | AA74: 2605125611 | AB74: 46093 | AC74: 46094 | AD74: 46093 | AE74: 4090180328 | AF74: 46094 | AG74: 46094 | AH74: 46095 | AI74: 141594 | AJ74: 16.740.00
A75: AR/18699-6 | B75: 180329 | C75: LIBERADO | D75: EMITIDA | E75: 46090 | K75: ENFRIADA | L75: Argentina | M75: TERRESTRE | N75: Los Andes | O75: 083031TC2026 | Q75: TRES CRUCES | R75: AE443QW | S75: AE573JA | T75: RENDIC | U75: =VLOOKUP('IMPO TERR'!T75,'Matriz datos'!$J$2:$K$10,2,0) -> CAMINO LO AGUIRRE SUR 537, PUDAHUEL | V75: CRISTIAN MARIO CALCATERRA | W75: DNI 24344790 | X75: 0520260012980CDA | Z75: 2605118861 | AA75: 2605120536 | AB75: 46091 | AC75: 46092 | AD75: 46092 | AE75: 4090180329 | AF75: 46092 | AG75: 46092 | AH75: 46092 | AI75: 141569 | AJ75: 29110000
A76: AR/18891-1 | B76: 180331 | C76: LIBERADO | D76: EMITIDA | E76: 46090 | G76: En espera de cert. embarque ( correcto ) | K76: ENFRIADA | L76: Argentina | M76: TERRESTRE | N76: Los Andes | O76: 05217474TKBA26 | P76: 26AR094328N | R76: LZRH39 | S76: KYPP93 | T76: ICESTAR (TOTTUS) | U76: AV. AMERICO VESPUCIO 0350, QUILICURA | V76: CLAUDIO DANIEL AVILA | W76: CI: 28.928.820-1 | X76: 0520260013114CDA | Z76: 2605119244 | AA76: 2605120402 | AB76: 46093 | AC76: 46093 | AD76: 46092 | AE76: 4090180331 | AF76: 46093 | AG76: 46093 | AH76: 46094 | AI76: 141573 | AJ76: 36780000
A77: CN 6358-12 | B77: 180332 | C77: LIBERADO | D77: EMITIDA | E77: 46304 | K77: ENFRIADA | L77: Paraguay | M77: TERRESTRE | N77: Los Andes | O77: 2026PYSANJOSE056B | P77: 40352 | R77: CFGY84 | S77: GRJZ25 | T77: WALMART | U77: =VLOOKUP('IMPO TERR'!T77,'Matriz datos'!$J$2:$K$10,2,0) -> AV. PDTE. EDUARDO FREI 8301, QUILICURA | V77: JUAN LEDEZMA | X77: 0520260013190CDA | Z77: 2605119955 | AA77: 2605121038 | AB77: 46094 | AC77: 46095 | AD77: 46092 | AE77: 4090180332 | AF77: 46095 | AG77: 46095 | AH77: 46097 | AI77: 141606 | AJ77: 9010000
A78: CN 6358-12A | B78: 180333 | C78: LIBERADO | D78: EMITIDA | E78: 46304 | K78: ENFRIADA | L78: Paraguay | M78: TERRESTRE | N78: Los Andes | O78: 2026PYSANJOSE056A | P78: 40352 | R78: CFGY84 | S78: GRJZ25 | T78: WALMART | U78: =VLOOKUP('IMPO TERR'!T78,'Matriz datos'!$J$2:$K$10,2,0) -> AV. PDTE. EDUARDO FREI 8301, QUILICURA | V78: JUAN LEDEZMA | X78: 0520260013190CDA | Z78: 2605120001 | AA78: 2605121013 | AB78: 46094 | AC78: 46095 | AD78: 46092 | AE78: 4090180333 | AF78: 46095 | AG78: 46095 | AH78: 46097 | AI78: 141606 | AJ78: 18520000
A79: SO/6370-25 | B79: 180334 | C79: LIBERADO | D79: EMITIDA | E79: 46090 | K79: ENFRIADA | L79: Brasil | M79: TERRESTRE | N79: Los Andes | O79: BR547044942 | Q79: MARVEL | R79: RXW2D34 | S79: SXJ2B28 | T79: WALMART | U79: =VLOOKUP('IMPO TERR'!T79,'Matriz datos'!$J$2:$K$10,2,0) -> AV. PDTE. EDUARDO FREI 8301, QUILICURA | V79: MARCOS ANTONIO DA SILVA | W79: CPF: 173.180.858-98 | X79: 0520260013059CDA | Z79: 2605118942 | AA79: 2605120305 | AB79: 46089 | AC79: 46090 | AD79: 46092 | AE79: 4090180334 | AF79: 46092 | AG79: 46092 | AH79: 46092 | AI79: 141566 | AJ79: 25590000
A80: SO/6331-16 | B80: 180338 | C80: LIBERADO | D80: EMITIDA | E80: 46091 | K80: ENFRIADA | L80: Argentina | M80: TERRESTRE | N80: Los Andes | O80: 052030TC2026 | Q80: TRES CRUCES | R80: AE484FV | S80: AE515QK | T80: WALMART | U80: =VLOOKUP('IMPO TERR'!T80,'Matriz datos'!$J$2:$K$10,2,0) -> AV. PDTE. EDUARDO FREI 8301, QUILICURA | V80: ARIEL MUÑOZ | W80: DNI: 26.395.174 | X80: 0520260012984CDA | Z80: 2605118967 | AA80: 2605120420 | AB80: 46091 | AC80: 46092 | AD80: 46091 | AE80: 4090180338 | AF80: 46091 | AG80: 46092 | AH80: 46092 | AI80: 141565 | AJ80: 49300000
A81: CN 6355-2P | B81: 180339 | C81: LIBERADO | D81: PENDIENTE | E81: 46091 | K81: CONGELADA | L81: Paraguay | M81: TERRESTRE | N81: Los Andes | O81: PY23TMA1143 | P81: 40765 | R81: CRIS006 | S81: CRIS008 | T81: ICESTAR | U81: =VLOOKUP('IMPO TERR'!T81,'Matriz datos'!$J$2:$K$10,2,0) -> AV. AMERICO VESPUCIO 0350, QUILICURA | V81: IVAN CESPEDES | W81: CI: 4.487.343 | X81: 0520260013234CDA | Z81: 2605120555 | AA81: 2605122751 | AB81: 46095 | AC81: 46096 | AD81: 46092 | AE81: 4090180339 | AF81: 46097 | AG81: 46097 | AH81: 46099 | AI81: 141636 | AJ81: 24530000
A82: CN 6359-10 | B82: 180340 | C82: LIBERADO | D82: EMITIDA | E82: 46091 | K82: ENFRIADA | L82: Paraguay | M82: TERRESTRE | N82: Los Andes | O82: 26PYFOODS319 | P82: 40471 | R82: AARP789 | S82: AAAE809 | T82: WALMART | U82: =VLOOKUP('IMPO TERR'!T82,'Matriz datos'!$J$2:$K$10,2,0) -> AV. PDTE. EDUARDO FREI 8301, QUILICURA | V82: JOSE OMAR BAREIRO ECHAGUE | W82: CI: 3.393.495 | X82: 0520260013230CDA | Z82: 2605120568 | AA82: 2605122896 | AB82: 46094 | AC82: 46095 | AD82: 46092 | AE82: 4090180340 | AF82: 46095 | AG82: 46095 | AH82: 46098 | AI82: 141605 | AJ82: 13560000
A83: CN 6359-10A | B83: 180341 | C83: LIBERADO | D83: EMITIDA | E83: 10/0372026 | K83: ENFRIADA | L83: Paraguay | M83: TERRESTRE | N83: Los Andes | O83: 26PYFOODS320 | P83: 40471 | R83: AARP789 | S83: AAAE809 | T83: WALMART | U83: =VLOOKUP('IMPO TERR'!T83,'Matriz datos'!$J$2:$K$10,2,0) -> AV. PDTE. EDUARDO FREI 8301, QUILICURA | V83: JOSE OMAR BAREIRO ECHAGUE | W83: CI: 3.393.495 | X83: 0520260013230CDA | Z83: 2605120044 | AA83: 2605122843 | AB83: 46094 | AC83: 46095 | AD83: 46092 | AE83: 4090180341 | AF83: 46095 | AG83: 46095 | AH83: 46098 | AI83: 141605 | AJ83: 13640000
A84: SO/6331-17 | B84: 180356 | C84: LIBERADO | D84: EMITIDA | E84: 46091 | K84: ENFRIADA | L84: Argentina | M84: TERRESTRE | N84: Los Andes | O84: 052033TC2026 | Q84: EXPOVERDE | R84: AH510WF | S84: AH482OL | T84: WALMART | U84: =VLOOKUP('IMPO TERR'!T84,'Matriz datos'!$J$2:$K$10,2,0) -> AV. PDTE. EDUARDO FREI 8301, QUILICURA | V84: CESAR AUGUSTO SORIA | W84: DNI: 29.701.819 | X84: 0520260013238CDA | Z84: 2605120769 | AA84: 2605122963 | AB84: 46093 | AC84: 46093 | AD84: 46092 | AE84: 4090180356 | AF84: 46093 | AG84: 46094 | AH84: 46094 | AI84: 141148 | AJ84: 49180000
A85: SO/6330-14 | B85: 180357 | C85: LIBERADO | D85: EMITIDA | E85: 46091 | K85: ENFRIADA | L85: Argentina | M85: TERRESTRE | N85: Los Andes | O85: 052032TC2026 | Q85: TRES CRUCES | R85: AE443QX | S85: AG364RE | T85: WALMART | U85: =VLOOKUP('IMPO TERR'!T85,'Matriz datos'!$J$2:$K$10,2,0) -> AV. PDTE. EDUARDO FREI 8301, QUILICURA | V85: HUGO GASTON CORTES | W85: DNI 27.390.951 | X85: 0520260013300CDA | Z85: 2605121478 | AA85: 2605122911 | AB85: 46092 | AC85: 46093 | AD85: 46093 | AE85: 4090180357 | AF85: 46093 | AG85: 46093 | AH85: 46093 | AI85: 141578 | AJ85: 30550000
A86: SO/6558-1 | B86: 180358 | C86: EN ALMACEN | D86: EMITIDA | E86: 46091 | K86: CONGELADA | L86: Brasil | M86: TERRESTRE | N86: Los Andes | O86: BR707400454 | P86: 43701 | Q86: MF | R86: RRP4E97 | S86: RRL1G49 | T86: ICESTAR | U86: Las Mercedes Sitio 6(Ex San Pablo Ant) N14212, Pudahuel | V86: JUSSARA ZAMIATOVSKI | W86: 162138413 | X86: 0520260013605CDA | Z86: 2605125296 | AA86: 2605127569 | AB86: 46099 | AC86: 46100 | AD86: 46094 | AE86: 4090180358 | AF86: 46100 | AG86: 19-03-2026 | AH86: PENDIENTE | AJ86: 14980000
A87: SO/6370-33 | B87: 180359 | C87: LIBERADO | D87: EMITIDA | E87: 46091 | K87: ENFRIADA | L87: Brasil | M87: TERRESTRE | N87: Los Andes | O87: BR547046106 | P87: 41827 | Q87: MARVEL | R87: RLD7F60 | S87: RXV8D99 | T87: WALMART | U87: =VLOOKUP('IMPO TERR'!T87,'Matriz datos'!$J$2:$K$10,2,0) -> AV. PDTE. EDUARDO FREI 8301, QUILICURA | V87: JORGINALDO DE CARVALHO SANTOS | W87: CPF: 050.265.945-90 | X87: 0520260013402CDA | Z87: 2605122382 | AA87: 2605125584 | AB87: 46097 | AC87: 46098 | AD87: 46093 | AE87: 4090180359 | AF87: 46097 | AH87: 46099 | AJ87: 25420000
A88: CN 25235-1 | B88: 180360 | C88: LIBERADO | D88: PENDIENTE | E88: 46091 | K88: ENFRIADA | L88: Paraguay | M88: TERRESTRE | N88: Los Andes | O88: PY23TMA1144 | P88: 41146 | Q88: TRANSMA | R88: AAAU361 | S88: AARP524 | T88: KARMAC | U88: =VLOOKUP('IMPO TERR'!T88,'Matriz datos'!$J$2:$K$10,2,0) -> CORDILLERA 451, QUILICURA | V88: ANTONIO RECALDE | W88: CI: 4.996.980 | X88: 0520260013424CDA | Z88: 2605122451 | AA88: 2605125662 | AB88: 46096 | AC88: 46097 | AD88: 46093 | AE88: 4090180360 | AF88: 46097 | AG88: 46097 | AH88: 46099 | AI88: 141622 | AJ88: 28710000
A89: CN 25320-7 | B89: 180361 | C89: LIBERADO | D89: EMITIDA | E89: 46091 | K89: ENFRIADA | L89: Paraguay | M89: TERRESTRE | N89: Los Andes | O89: 26PYFOODS321 | P89: 40911 | Q89: PY FOODS | R89: AAAE437 | S89: AAAE603 | T89: RAMIREZ | U89: =VLOOKUP('IMPO TERR'!T89,'Matriz datos'!$J$2:$K$10,2,0) -> AV. EL PARRON 345, LA CISTERNA | V89: DERLIS PARANDERI | X89: 0520260013610CDA | Z89: 2605125301 | AA89: 2605127571 | AB89: 46096 | AC89: 46097 | AD89: 46084 | AE89: 4090180361 | AF89: 46097 | AG89: 46098 | AH89: 46099 | AI89: 141639 | AJ89: 28790000
A90: SO/6350-6 | B90: 180365 | C90: EN TRANSITO | D90: PENDIENTE | E90: 46091 | K90: ENFRIADA | L90: Brasil | M90: TERRESTRE | N90: Los Andes | O90: BR547046115 | Q90: MARVEL | R90: RYE9F99 | S90: RYF1B69 | T90: WALMART | U90: =VLOOKUP('IMPO TERR'!T90,'Matriz datos'!$J$2:$K$10,2,0) -> AV. PDTE. EDUARDO FREI 8301, QUILICURA | V90: GISLAINE APARECIDA HACK | W90: CPF: 050.979.269-35 | X90: 0520260013477CDA | Z90: 2605123608 | AA90: 2605125446 | AD90: 46093 | AE90: 4090180365 | AJ90: 24380000
A91: CN 25412-3 | B91: 180366 | C91: LIBERADO | D91: EMITIDA | E91: 46091 | K91: ENFRIADA | L91: Paraguay | M91: TERRESTRE | N91: Los Andes | O91: 26PYFOODS322 | P91: 40910 | Q91: PY FOODS | R91: AAAE436 | S91: AAAE477 | T91: RENDIC | U91: =VLOOKUP('IMPO TERR'!T91,'Matriz datos'!$J$2:$K$10,2,0) -> CAMINO LO AGUIRRE SUR 537, PUDAHUEL | V91: CRISTIAN RAUL GARCIA | W91: CI: 5.785.378 | X91: 0520260013309CDA | Z91: 2605121569 | AA91: 2605122923 | AB91: 46096 | AC91: 46097 | AD91: 46093 | AE91: 4090180366 | AF91: 46097 | AG91: 46098 | AH91: 46099 | AJ91: 34270000
A92: SO/6558-2 | B92: 180369 | C92: EN ALMACEN | D92: PENDIENTE | E92: 46091 | K92: CONGELADA | L92: Brasil | M92: TERRESTRE | N92: Los Andes | O92: BR707400456 | P92: 43669 | Q92: MF | R92: RRT1E57 | S92: RRU8J60 | T92: ICESTAR | U92: =VLOOKUP('IMPO TERR'!T92,'Matriz datos'!$J$2:$K$10,2,0) -> AV. AMERICO VESPUCIO 0350, QUILICURA | V92: CLEITON DE OLIVEIRA MARCONES | W92: CPF: 094.988.706-40 | X92: 0520260013435CDA | Z92: 2605123199 | AA92: 2605125529 | AB92: 46099 | AC92: 46100 | AD92: 46093 | AE92: 4090180369 | AF92: 46100 | AG92: 46100 | AH92: PENDIENTE | AJ92: 14830000
A93: SO/6354-50 | B93: 180370 | C93: LIBERADO | D93: EMITIDA | E93: 46091 | K93: ENFRIADA | L93: Brasil | M93: TERRESTRE | N93: Los Andes | O93: BR547046137 | P93: 43620 | Q93: MARVEL | R93: RVD3G89 | S93: RYV0F08 | T93: WALMART | U93: =VLOOKUP('IMPO TERR'!T93,'Matriz datos'!$J$2:$K$10,2,0) -> AV. PDTE. EDUARDO FREI 8301, QUILICURA | V93: VALTEIR HIPOLITO DA SILVA | W93: CPF: 102.840.658-46 | X93: 0520260013737CDA | Z93: 2605125312 | AA93: 2605127573 | AB93: 46099 | AC93: 46100 | AD93: 46094 | AE93: 4090180370 | AF93: 46100 | AG93: 46100 | AH93: 46100 | AJ93: 24220000
A94: SO/6354-51 | B94: 180385 | C94: EN TRANSITO | D94: PENDIENTE | E94: 46092 | K94: ENFRIADA | L94: Brasil | M94: TERRESTRE | N94: Los Andes | O94: BR547046126 | Q94: MARVEL | R94: QJC7985 | S94: RYEOD53 | T94: WALMART | U94: =VLOOKUP('IMPO TERR'!T94,'Matriz datos'!$J$2:$K$10,2,0) -> AV. PDTE. EDUARDO FREI 8301, QUILICURA | V94: LUCIANO DE JESUS DIAS | W94: CPF: 248.364.078-85 | X94: 0520260013473CDA | Z94: 2605123531 | AA94: 2605125490 | AD94: 46093 | AE94: 4090180385 | AJ94: 24270000
A95: SO/6362-7 | B95: 180400 | C95: LIBERADO | D95: EMITIDA | E95: 46092 | K95: CONGELADA | L95: Brasil | M95: TERRESTRE | N95: Los Andes | O95: BR547046103 | P95: 42173 | Q95: MARVEL | R95: QTK6657 | S95: QJX4177 | T95: WALMART | U95: =VLOOKUP('IMPO TERR'!T95,'Matriz datos'!$J$2:$K$10,2,0) -> AV. PDTE. EDUARDO FREI 8301, QUILICURA | V95: ROGER SANDRO DE SANTANA | W95: 57217642 | X95: 0520260013572CDA | Z95: 2605124864 | AA95: 2605125499 | AB95: 46097 | AC95: 46098 | AD95: 46094 | AE95: 4090180400 | AF95: 46098 | AG95: 46098 | AH95: 46099 | AJ95: 21200000
A96: SO/6362-9 | B96: 180401 | C96: LIBERADO | D96: EMITIDA | E96: 46092 | K96: CONGELADA | L96: Brasil | M96: TERRESTRE | N96: Los Andes | O96: BR512203481 | P96: 42786 | Q96: VENEZA | R96: RGM7C44 | S96: RXM9F24 | T96: WALMART | U96: =VLOOKUP('IMPO TERR'!T96,'Matriz datos'!$J$2:$K$10,2,0) -> AV. PDTE. EDUARDO FREI 8301, QUILICURA | V96: FRENANDO MARTINS DA SALIVA | W96: CPF: 061.008.759-26 | X96: 0520260013653CDA | Z96: 2605124553 | AA96: 2605125424 | AB96: 46098 | AC96: 46099 | AD96: 46094 | AE96: 4090180401 | AF96: 46098 | AG96: 46099 | AH96: 46099 | AJ96: 21200000
A97: SO/6360-34 | B97: 180402 | D97: PENDIENTE | E97: 46092 | K97: ENFRIADA | L97: Brasil | M97: TERRESTRE | N97: Los Andes | O97: BR547046132 | R97: RYG9G47 | S97: TPO4B59 | T97: WALMART | U97: =VLOOKUP('IMPO TERR'!T97,'Matriz datos'!$J$2:$K$10,2,0) -> AV. PDTE. EDUARDO FREI 8301, QUILICURA | V97: HELVECIO CARLOS DE OLIVEIRA JUNIOR | W97: CPF: 118.763.976-16 | X97: 0520260013830CDA | Z97: 2605127196 | AA97: 2605127579 | AD97: 46095 | AE97: 4090180402 | AJ97: 25760000
A98: AR/18899-2 | B98: 180403 | C98: LIBERADO | D98: EMITIDA | E98: 46092 | G98: SAG OBJETADO (CVI Y CERT. DE EMBARQUE NO CORRESPONDE) | K98: ENFRIADA | L98: Argentina | M98: TERRESTRE | N98: Los Andes | O98: 05217480TKBA26 | P98: 26AR100249D | R98: PDKT58 | S98: KYPP94 | T98: ICESTAR (TOTTUS) | U98: AV. AMERICO VESPUCIO 0350, QUILICURA | V98: RUIZ MARCELO NESTOR RAMON | W98: CI: 24.863.267-4 | X98: 0520260014178CDA | Z98: 2605123208 | AA98: 2605125489 | AB98: 46097 | AC98: 46098 | AD98: 46097 | AE98: 4090180403 | AF98: 46098 | AG98: 46099 | AH98: 46100 | AJ98: 35880000
A99: SO/6357-14 | B99: 180405 | C99: EN ALMACEN | D99: PENDIENTE | E99: 46092 | G99: CAMION INMOBILIZADO HASTA LA DESTRUCCION DE 3 CAJAS | K99: ENFRIADA | L99: Brasil | M99: TERRESTRE | N99: Los Andes | O99: BR547046134 | P99: 42857 | Q99: MARVEL | R99: RYBOC99 | S99: RYS2F72 | T99: WALMART | U99: =VLOOKUP('IMPO TERR'!T99,'Matriz datos'!$J$2:$K$10,2,0) -> AV. PDTE. EDUARDO FREI 8301, QUILICURA | V99: DARLOU FERNANDES BATISTA | W99: CPF: 0209.783.370-79 | X99: 0520260013591CDA | Z99: 2605125079 | AA99: 2605127592 | AB99: 46098 | AC99: 46099 | AD99: 46094 | AE99: 4090180405 | AF99: 46099 | AG99: PENDIENTE | AH99: PENDIENTE | AJ99: 25090000
A100: SO/6397-11 | B100: 180407 | C100: LIBERADO | D100: EMITIDA | E100: 46092 | K100: CONGELADA | L100: Brasil | M100: TERRESTRE | N100: Los Andes | O100: BR560601898 | P100: 41498 | Q100: KAIPPER CONT | R100: SXS9E90 | S100: TPY9C58 | T100: CIAL | U100: =VLOOKUP('IMPO TERR'!T100,'Matriz datos'!$J$2:$K$10,2,0) -> CAMINO SANTA MARTA 2101, MAIPU | V100: SILVONEI DOS SANTOS GONCALVES | W100: CPF: 420.952.120-53 | X100: 0520260013521CDA | Z100: 2605124012 | AA100: 2605125449 | AB100: 46097 | AC100: 46097 | AD100: 46093 | AE100: 4090180407 | AF100: 46097 | AG100: 46097 | AH100: 46098 | AI100: 141621 | AJ100: 16090000
...

Sheet Matriz datos
A1: ESTADO DE OPERACION | B1: CARGA | C1: TIPO CARGA | D1: TIPO OPERACION | E1: TIPO TRAMITE | G1: INSRUCCION DESCARGA | I1: OBSERVACION DOCUMENTAL | J1: cliente | K1: direccion
A2: EN CURSO | B2: EN TRANSITO | C2: CONGELADA | D2: AEREA | E2: CDA | F2: carga en viaje a puerto | G2: PENDIENTE | H2: PRESENTACIÓN SAG OBJETADA | I2: CORREGIR documentos | J2: ALMAFRIGO | K2: AV. GALVARINO 8601 BGA. 11, QUILICURA
A3: FINALIZADA | B3: ARRIBADA EN PUERTO | C3: ENFRIADA | D3: TERRESTRE | E3: UYD | F3: carga ingresa a puerto | G3: GUIA DESPACHO EMITIDA | H3: PRESENTACIÓN SEREMI OBJETADA | I3: Documentos pendientes | J3: CIAL | K3: CAMINO SANTA MARTA 2101, MAIPU
A4: URGENTE | B4: EN ALMACEN | C4: SECA - DRY | D4: MARITIMA | E4: IIPA | F4: boleta emitida/ carga ingresa a Ext Contopsa | H4: PRESENTACION SAG - SEREMI OBJETADA | I4: Documentos OK | J4: WALMART | K4: AV. PDTE. EDUARDO FREI 8301, QUILICURA
B5: DESPACHADO | F5: espera instrucciones descarga | J5: ICESTAR | K5: AV. AMERICO VESPUCIO 0350, QUILICURA
B6: LIBERADO | J6: RAMIREZ | K6: AV. EL PARRON 345, LA CISTERNA
J7: TOTTUS | K7: AV. AMERICO VESPUCIO 0350, QUILICURA
J8: RENDIC | K8: CAMINO LO AGUIRRE SUR 537, PUDAHUEL
J9: KARMAC | K9: CORDILLERA 451, QUILICURA
J10: FRIGOZETA | K10: 6 ORIENTE 152-D CALETERA ORIENTE ALTURA KM 39, PAINE
